"","Ap","Ct","Em","Eper","Lc","Mv","Mc","Mcil","Mm","Mt","Mvel","My","Nf","Nyma","Ph","Tb"
"1",0,0,0,1,0,1,0,0,1,0,0,0,0,0,0,0
"2",0,0,0,0,0,0,0,0,0,0,0,0,1,0,2,3
"3",0,1,0,0,0,0,0,0,0,0,0,0,0,0,0,0
"4",0,1,0,0,0,0,0,0,0,1,0,0,1,0,0,0
"5",0,0,0,0,0,0,0,0,0,0,0,1,0,0,0,0
"6",0,0,0,0,0,0,0,0,0,0,0,0,1,0,0,0
"7",1,0,0,0,0,0,0,0,0,0,0,0,0,0,0,0
"8",0,0,0,0,0,1,0,0,0,0,0,0,0,0,0,0
"9",0,0,0,0,0,0,0,0,0,0,0,0,1,0,0,0
"10",0,1,0,0,0,1,0,0,0,1,0,0,0,0,0,0
"11",0,1,0,0,0,0,0,0,0,0,0,4,0,0,0,0
"12",0,0,0,0,0,0,0,0,0,0,0,0,0,0,0,1
"13",0,0,0,0,0,0,0,0,0,1,0,0,0,0,0,0
"14",1,0,0,0,0,0,1,0,0,1,0,1,0,0,5,0
"15",0,0,0,0,0,0,0,0,0,1,0,0,0,0,0,0
"16",0,0,0,0,0,0,0,0,0,2,0,0,0,0,0,0
"17",0,0,0,0,0,0,0,0,0,0,0,2,0,0,13,6
"18",0,0,0,0,0,0,0,0,0,1,0,0,0,0,0,0
"19",0,0,0,0,0,0,0,1,0,0,0,0,0,0,0,0
"20",0,0,0,0,0,0,0,0,1,0,0,0,0,0,1,0
"21",0,1,0,0,1,1,0,1,0,0,0,0,0,0,0,0
"22",0,0,0,0,0,0,0,0,0,0,0,0,1,0,0,0
"23",0,0,0,0,0,0,0,0,0,0,0,1,0,0,0,0
"24",0,0,0,0,0,0,0,0,10,0,0,0,6,2,0,4
"25",0,0,0,0,0,2,1,1,0,3,0,1,0,0,1,3
"26",0,0,0,0,0,0,0,0,0,0,0,0,3,0,0,0
"27",0,0,0,0,0,0,0,0,0,1,0,0,0,0,0,0
"28",0,0,0,0,0,0,0,0,0,0,0,0,0,0,2,0
"29",0,1,0,0,0,0,0,0,0,0,0,0,0,0,0,0
"30",0,0,0,0,0,0,0,0,1,0,0,0,1,0,0,0
"31",1,0,0,0,0,0,0,0,0,0,0,0,0,0,0,0
"32",0,0,0,0,0,1,0,0,3,0,0,0,1,0,0,2
"33",0,0,0,1,0,0,0,0,0,1,0,0,0,0,0,0
"34",0,0,0,1,0,0,0,0,0,0,0,0,0,0,0,0
"35",0,0,0,4,0,0,0,0,1,0,0,1,0,3,0,1
"36",0,1,0,0,0,1,0,1,0,1,0,0,1,0,0,0
"37",0,0,0,1,0,0,0,0,0,0,0,0,0,0,0,0
"38",0,0,0,0,0,0,0,0,0,1,0,0,0,0,0,0
"39",0,0,0,2,0,0,0,0,0,0,0,0,0,0,0,0
"40",0,0,0,0,0,0,0,1,0,0,0,0,0,0,0,0
"41",1,0,0,0,0,0,0,0,0,0,0,0,0,0,0,0
"42",0,0,0,0,0,1,0,0,0,0,0,0,0,0,0,0
"43",0,0,0,0,0,0,0,0,0,1,0,0,0,0,0,0
"44",0,0,0,0,0,0,0,0,0,0,0,0,0,0,1,0
"45",3,0,0,0,0,0,0,0,0,0,0,1,0,0,0,0
"46",0,0,0,1,0,0,1,0,0,0,0,0,0,0,0,0
"47",0,0,0,0,0,0,0,0,0,0,0,1,0,1,0,0
"48",0,0,0,0,0,0,0,0,0,0,0,1,2,0,0,0
"49",0,0,0,0,0,0,0,0,0,0,0,0,1,0,0,0
"50",0,0,0,0,0,0,0,0,0,1,0,0,0,0,0,0
"51",0,0,0,0,0,0,0,0,0,0,0,0,1,1,0,0
"52",0,0,0,0,0,0,0,0,0,0,0,0,0,0,0,1
"53",0,0,0,0,0,0,0,0,0,0,0,1,2,0,0,0
"54",0,1,0,0,0,0,0,0,0,1,0,0,1,0,0,1
"55",0,0,0,0,0,0,0,0,0,0,0,0,1,0,0,0
"56",0,0,0,0,0,0,0,0,0,1,0,0,0,0,0,0
"57",1,0,0,0,0,0,0,0,0,0,0,0,0,0,0,0
"58",0,1,0,0,0,0,0,0,0,1,0,0,0,0,0,0
"59",0,1,0,0,0,0,0,0,0,0,0,0,0,0,0,0
"60",0,0,0,0,0,0,0,0,0,0,0,0,0,0,0,0
"61",0,0,0,0,0,0,1,0,0,0,0,0,0,0,0,0
"62",0,0,0,0,0,0,0,0,0,0,0,0,1,0,0,0
"63",0,0,0,0,0,0,0,0,0,0,0,0,2,0,0,0
"64",0,0,0,0,0,0,0,0,0,1,0,0,0,0,0,0
"65",0,0,0,0,0,2,0,0,0,1,0,0,0,0,0,0
"66",0,0,0,0,0,0,0,0,0,1,0,0,0,0,0,0
"67",0,0,0,0,0,0,0,0,0,1,0,0,0,0,0,0
"68",0,0,0,0,0,0,0,1,0,0,0,0,0,0,0,0
"69",0,5,0,1,0,2,0,3,0,6,0,2,2,0,2,2
"70",0,0,0,0,0,0,1,0,0,0,0,0,0,0,0,0
"71",0,0,0,0,0,0,0,0,0,0,0,0,0,0,0,1
"72",0,0,0,0,0,0,0,0,0,0,0,1,0,0,0,3
"73",0,0,0,0,0,0,0,0,0,1,0,0,0,0,0,0
"74",0,0,0,0,0,0,0,0,0,1,0,0,0,0,0,0
"75",0,0,0,0,0,0,0,0,0,1,0,0,0,0,0,0
"76",0,0,0,1,0,0,0,0,0,0,0,1,0,0,0,0
"77",0,0,0,0,0,0,0,0,0,1,0,2,0,0,0,0
"78",1,2,0,1,0,4,0,3,0,1,0,0,0,0,1,2
"79",0,0,0,0,0,0,0,0,1,0,0,0,5,1,0,1
"80",0,0,0,0,0,0,0,0,0,1,0,0,0,0,0,0
"81",0,0,0,0,0,1,1,0,4,1,0,1,1,2,0,3
"82",0,3,0,0,1,0,0,2,0,1,0,0,1,0,0,0
"83",0,0,0,0,0,0,0,0,0,0,0,0,0,0,0,0
"84",0,0,0,0,0,0,0,0,0,0,0,1,0,0,0,0
"85",0,0,0,0,0,1,0,0,0,0,0,0,0,0,0,1
"86",0,0,0,0,0,1,0,0,0,0,0,0,1,0,0,0
"87",1,2,0,0,0,2,2,1,0,2,0,0,4,0,0,0
"88",0,3,0,0,0,1,0,1,0,2,0,0,0,0,0,0
"89",0,0,0,0,0,0,0,0,0,0,0,0,1,0,0,0
"90",0,0,0,0,0,0,0,0,0,0,0,1,0,0,0,0
"91",0,3,0,0,0,1,0,1,0,6,0,0,2,0,0,0
"92",0,1,0,0,0,0,0,1,0,0,0,0,0,0,0,0
"93",0,3,0,0,0,1,0,2,0,2,0,0,0,0,0,0
"94",0,0,0,1,0,0,0,0,0,0,0,0,0,0,0,0
"95",0,1,0,0,0,3,0,0,0,4,0,1,1,0,0,0
"96",1,1,0,0,0,0,0,0,0,1,0,0,0,0,0,0
"97",0,1,0,0,0,0,0,0,0,0,0,0,0,0,0,0
"98",0,0,0,1,0,0,1,0,0,0,0,0,1,0,2,1
"99",0,0,0,0,0,0,0,1,0,2,0,0,0,0,0,0
"100",1,2,0,0,0,2,0,2,0,6,0,0,2,0,0,2
"101",1,0,0,0,0,0,0,0,0,0,0,0,0,0,0,0
"102",0,0,0,0,0,0,0,0,0,1,0,0,0,0,0,0
"103",0,0,0,0,0,0,0,0,0,1,0,0,0,0,0,0
"104",0,0,0,1,0,0,0,0,0,0,0,0,0,0,0,0
"105",0,0,0,0,0,0,0,0,0,1,0,0,0,0,1,0
"106",0,0,0,0,0,1,0,0,0,0,0,0,0,0,0,0
"107",0,0,0,0,0,0,0,0,0,0,0,0,0,0,0,3
"108",0,0,0,1,0,0,0,0,0,0,0,0,0,0,0,0
"109",1,0,0,0,0,0,0,0,0,0,0,0,0,0,0,0
"110",0,0,0,0,0,0,0,0,0,0,0,0,0,1,0,1
"111",0,0,0,0,0,1,0,0,0,0,0,0,0,0,0,0
"112",0,0,0,0,0,0,0,0,0,0,0,0,1,0,0,0
"113",1,0,0,0,0,0,0,0,0,1,0,1,0,0,0,0
"114",1,0,0,0,0,0,0,0,0,0,0,0,1,0,0,0
"115",0,0,0,0,0,0,0,0,0,0,0,0,1,0,0,0
"116",0,0,0,0,0,0,0,0,1,0,0,0,0,0,0,0
"117",0,0,0,0,0,0,0,0,2,0,0,1,0,0,0,0
"118",0,1,0,0,0,1,0,0,0,0,0,0,0,0,0,0
"119",0,0,0,0,1,0,0,0,0,0,0,0,0,0,0,0
"120",0,4,0,0,0,0,0,0,0,3,0,0,3,0,1,0
"121",0,0,0,0,0,0,0,0,0,0,1,0,0,1,0,0
"122",0,0,0,1,0,0,0,0,0,0,0,0,0,0,0,0
"123",0,0,0,0,0,0,0,0,0,0,0,0,1,0,0,0
"124",0,0,0,0,0,0,0,0,0,0,0,0,0,0,0,2
"125",0,1,0,0,0,0,0,1,0,0,0,0,0,0,0,0
"126",0,0,0,0,0,0,0,0,0,0,0,0,1,0,0,0
"127",0,0,0,0,0,0,0,0,0,0,0,0,0,0,2,0
"128",1,1,0,0,0,2,0,0,0,1,0,0,1,0,0,0
"129",4,0,0,3,0,1,0,0,1,2,0,2,0,0,0,3
"130",0,0,0,0,0,0,0,0,0,0,0,0,0,1,1,0
"131",0,0,0,2,0,1,2,0,0,1,0,0,2,2,0,1
"132",0,0,0,0,0,0,0,0,0,0,0,1,0,0,0,0
"133",0,0,0,0,0,0,0,0,0,1,0,0,0,0,1,0
"134",0,1,0,0,0,0,0,0,0,1,0,0,1,0,0,0
"135",0,0,0,0,0,0,0,0,0,1,0,0,0,0,0,0
"136",2,0,0,0,0,0,0,0,0,0,0,0,1,0,0,0
"137",0,1,0,0,0,0,0,0,0,1,0,0,0,0,0,0
"138",0,0,0,0,0,1,0,0,0,0,0,0,0,0,0,0
"139",0,4,0,0,0,4,0,0,0,2,0,0,1,0,0,0
"140",1,0,0,0,0,0,0,0,1,0,0,0,2,1,0,0
"141",0,0,0,0,0,0,0,0,0,0,0,0,1,0,0,0
"142",0,0,0,0,0,0,1,0,0,0,1,0,0,0,0,0
"143",0,0,0,0,0,0,0,0,0,1,0,0,0,0,0,0
"144",0,0,0,1,0,0,0,0,0,0,0,0,0,0,0,0
"145",0,1,0,0,0,0,0,0,0,0,0,0,1,0,0,0
"146",0,0,0,0,0,1,0,0,0,1,0,0,0,0,0,0
"147",0,0,0,0,0,0,0,1,0,0,0,0,0,0,0,0
"148",0,0,0,0,0,0,0,0,0,0,0,0,0,0,3,0
"149",0,0,0,0,0,0,0,0,0,0,0,0,1,0,0,0
"150",0,0,0,0,0,0,0,0,0,0,0,0,1,0,0,0
"151",0,0,0,0,0,0,0,0,0,1,0,0,0,0,0,0
"152",1,1,0,0,0,0,0,0,0,2,0,0,1,0,0,0
"153",0,0,0,1,0,0,0,0,0,0,0,0,0,0,0,0
"154",0,0,0,1,0,0,0,0,0,0,0,0,0,0,0,0
"155",0,0,0,1,0,0,0,0,0,1,0,0,1,3,0,2
"156",0,0,0,0,0,0,0,0,0,0,0,0,1,0,0,0
"157",0,0,0,0,0,0,0,1,0,1,0,0,0,0,0,0
"158",0,0,0,0,0,0,1,0,4,0,0,1,3,3,1,11
"159",0,1,0,0,0,0,0,0,0,1,0,0,0,0,0,0
"160",0,0,0,0,0,0,0,0,0,0,0,1,0,0,0,0
"161",0,0,0,0,0,0,0,0,0,2,0,0,0,0,0,0
"162",0,0,0,0,0,0,0,0,4,0,0,0,2,1,0,3
"163",0,0,0,0,0,0,0,0,0,0,0,0,1,0,0,0
"164",0,0,0,0,0,0,0,0,0,0,0,0,2,1,0,0
"165",0,0,0,0,0,0,0,0,0,0,0,0,1,0,0,3
"166",0,0,0,0,0,1,0,0,0,0,0,0,0,0,0,0
"167",1,0,0,0,0,0,0,0,0,0,0,0,0,0,0,0
"168",0,1,0,0,0,0,0,0,0,0,0,0,1,0,0,0
"169",0,1,0,0,0,0,0,0,0,0,0,0,0,0,0,0
"170",0,0,0,0,0,0,0,0,0,1,0,0,0,0,0,0
"171",0,0,0,0,0,0,0,0,0,1,0,0,0,0,0,0
"172",0,0,0,0,0,0,0,1,0,1,0,0,0,0,0,0
"173",0,2,0,0,0,3,0,0,0,1,0,0,2,0,0,0
"174",0,0,0,0,0,0,0,0,0,0,0,2,0,0,0,0
"175",0,0,0,0,0,0,0,0,0,0,0,0,1,0,0,0
"176",0,0,0,0,0,0,0,0,0,0,0,0,1,0,0,0
"177",0,0,0,0,1,1,0,0,0,0,0,0,1,0,0,0
"178",0,0,0,0,0,0,0,0,0,0,0,0,1,0,0,2
"179",0,0,0,0,1,0,0,0,0,0,0,0,0,0,0,0
"180",0,0,0,0,0,0,0,0,0,1,0,0,0,0,0,0
"181",0,0,0,0,0,1,1,0,3,2,0,1,1,0,0,1
"182",0,0,0,0,0,1,0,0,0,0,0,0,0,0,0,0
"183",0,0,0,1,0,0,0,0,0,0,0,1,0,1,0,1
"184",1,0,0,2,0,0,0,0,0,2,0,1,0,0,2,0
"185",0,0,0,1,0,0,0,0,0,0,0,0,0,0,0,0
"186",0,0,0,0,0,0,0,0,0,1,0,0,0,0,0,0
"187",0,1,0,0,0,0,0,1,0,3,0,0,0,0,0,0
"188",0,0,0,0,0,1,0,1,0,1,0,1,0,0,0,0
"189",0,1,0,0,0,0,0,0,0,0,0,0,0,0,0,0
"190",0,0,0,0,0,0,0,0,0,0,0,0,1,0,0,0
"191",0,0,0,0,0,0,0,0,0,2,0,0,0,0,0,0
"192",0,0,0,0,0,0,0,1,0,1,0,0,0,0,0,0
"193",0,1,0,0,0,0,0,0,0,0,0,0,0,0,0,0
"194",0,6,0,2,0,4,0,4,0,7,0,4,6,0,2,8
"195",1,0,0,4,0,5,2,1,7,3,0,6,6,3,2,12
"196",0,0,0,0,0,0,0,1,0,1,0,0,1,0,0,0
"197",0,0,0,0,0,0,0,0,0,0,0,1,0,0,0,0
"198",0,0,0,0,0,0,0,0,1,1,0,0,1,0,0,0
"199",0,1,0,0,0,0,0,0,0,0,0,0,0,0,0,0
"200",0,0,0,0,0,0,0,0,0,1,0,0,0,0,0,0
"201",0,0,0,0,0,0,1,0,0,0,0,1,0,0,0,0
"202",0,0,0,0,0,1,0,0,0,0,0,0,0,0,0,0
"203",3,1,0,6,0,9,12,3,14,9,0,6,15,5,8,22
"204",0,0,0,1,0,0,0,0,0,0,0,0,0,0,0,0
"205",0,1,0,0,0,0,0,0,0,0,0,0,0,0,0,0
"206",1,0,0,1,0,0,0,0,0,0,0,0,0,0,1,0
"207",0,0,0,0,0,0,0,1,0,2,0,0,0,0,0,0
"208",0,0,0,0,0,0,0,0,0,0,0,0,0,1,0,1
"209",3,3,0,0,1,2,0,5,0,7,0,1,1,0,1,1
"210",0,1,0,0,0,0,0,0,0,0,0,0,0,0,0,0
"211",0,0,0,0,0,0,0,0,0,0,0,0,1,0,0,0
"212",0,0,0,0,0,0,0,0,1,0,0,0,0,0,0,0
"213",0,0,0,0,0,1,0,0,0,0,0,0,0,0,0,0
"214",0,1,0,0,0,0,0,0,1,1,1,1,4,0,0,6
"215",0,0,0,0,0,0,0,0,0,1,0,0,0,0,0,0
"216",0,0,0,0,1,0,0,0,0,1,0,0,0,0,0,0
"217",0,0,0,0,0,0,0,0,0,1,0,0,0,0,0,0
"218",0,0,0,0,0,0,0,0,0,0,0,0,1,0,0,0
"219",0,0,0,3,0,0,0,0,3,1,0,0,0,3,0,0
"220",0,0,0,0,0,1,0,0,0,0,0,0,0,0,0,0
"221",0,0,0,0,0,0,0,0,0,0,0,0,0,0,1,0
"222",0,0,0,0,0,0,0,0,0,0,0,0,0,0,0,1
"223",1,0,0,0,0,0,0,0,0,0,0,0,0,0,0,0
"224",0,0,0,0,0,0,0,0,1,0,0,0,0,0,0,0
"225",0,0,0,0,0,0,0,0,0,1,0,0,0,0,0,0
"226",0,0,0,0,0,0,0,0,2,1,0,0,4,1,0,3
"227",0,0,0,0,0,1,0,0,0,0,0,0,1,0,0,0
"228",0,0,0,1,0,0,0,0,0,0,0,0,0,0,0,0
"229",0,0,0,0,0,1,0,1,0,1,0,0,0,0,0,0
"230",0,0,0,1,0,0,0,0,0,0,0,0,0,0,0,0
"231",0,1,0,0,0,0,0,0,0,0,0,0,0,0,0,0
"232",0,0,1,0,0,0,0,0,0,0,1,0,1,0,0,0
"233",0,1,0,0,0,0,0,0,0,0,0,0,0,0,0,0
"234",0,0,0,0,0,0,0,0,0,1,0,1,0,0,0,0
"235",0,0,0,0,0,0,0,0,0,1,0,0,0,0,0,1
"236",0,0,0,0,0,0,0,0,1,1,0,0,0,0,0,0
"237",0,0,0,0,0,1,0,0,0,0,0,0,1,0,0,0
"238",0,1,0,0,0,0,0,0,0,0,0,0,0,0,0,0
"239",0,0,0,1,0,0,0,0,0,0,0,0,0,0,0,0
"240",0,0,0,0,0,0,0,0,3,0,0,0,0,0,2,0
"241",0,0,0,0,0,2,0,1,0,2,0,0,0,0,0,0
"242",0,0,0,0,0,0,0,0,0,0,0,0,1,0,0,0
"243",0,0,0,0,0,0,0,0,0,1,0,2,0,0,0,0
"244",0,0,0,0,0,1,0,0,0,0,0,0,0,0,0,0
"245",0,1,0,0,0,0,0,0,0,2,0,0,0,0,0,0
"246",0,0,1,0,0,0,0,0,0,0,0,0,0,0,0,0
"247",0,0,0,0,0,0,0,0,0,1,0,0,0,1,0,1
"248",0,1,0,0,0,1,0,0,0,0,0,0,0,0,0,0
"249",0,0,0,0,0,2,0,0,0,0,0,0,0,0,0,0
"250",0,1,0,0,0,0,0,0,0,0,0,0,0,0,0,0
"251",0,0,0,0,0,0,0,0,1,0,0,0,1,0,0,1
"252",0,0,0,0,0,0,0,0,0,0,0,0,1,0,0,0
"253",0,1,0,0,0,1,0,0,0,0,0,0,0,0,0,0
"254",0,2,0,0,0,0,0,0,0,0,0,0,0,0,0,0
"255",0,0,0,1,0,0,0,0,1,0,0,0,0,0,0,0
"256",0,1,0,0,0,0,0,0,0,0,0,0,0,0,0,0
"257",0,1,0,0,0,0,0,0,0,0,0,0,0,0,0,0
"258",0,0,0,0,0,0,0,0,0,1,0,0,0,0,0,0
"259",0,1,0,0,0,0,0,1,0,0,0,0,0,0,0,0
"260",0,1,0,0,0,0,0,0,0,0,0,0,0,0,0,0
"261",0,2,0,0,0,2,0,0,0,2,0,0,1,0,0,0
"262",0,0,0,0,0,0,0,0,0,0,0,0,1,0,0,0
"263",0,2,0,0,0,1,0,0,0,2,0,2,5,0,4,14
"264",1,0,0,1,0,1,0,0,0,1,0,0,0,0,0,2
"265",0,0,0,0,0,0,0,0,0,1,0,0,0,0,0,0
"266",0,0,0,0,0,0,0,0,0,1,0,0,0,0,0,0
"267",0,0,0,0,0,0,0,0,0,0,0,1,0,0,0,1
"268",0,0,0,0,0,1,0,0,0,0,0,0,0,0,0,0
"269",0,0,0,1,0,0,0,0,0,4,0,1,0,0,0,0
"270",0,0,0,0,0,0,0,0,0,0,0,1,0,0,0,0
"271",0,0,0,0,0,0,0,0,0,0,0,0,2,0,0,0
"272",0,0,0,0,0,0,0,0,0,0,0,0,1,0,0,0
"273",0,1,0,0,0,0,0,0,0,0,0,0,0,0,0,0
"274",0,0,0,0,0,0,0,0,0,0,0,1,0,0,0,1
"275",0,0,0,1,0,0,0,0,0,0,0,0,0,0,0,0
"276",0,0,0,0,0,0,0,0,0,1,0,0,0,0,0,0
"277",0,0,0,0,0,0,0,0,0,0,0,0,1,0,0,0
"278",0,0,0,0,0,0,0,1,0,0,0,0,0,0,0,0
"279",0,0,0,0,0,0,0,0,0,0,0,0,1,0,0,0
"280",0,0,0,0,0,0,0,0,0,1,0,0,0,0,0,0
"281",0,1,0,0,0,0,0,1,0,0,0,0,0,0,0,0
"282",0,0,0,0,0,0,0,0,0,0,0,1,0,0,0,0
"283",0,0,0,0,0,0,0,0,0,1,0,0,0,0,0,0
"284",0,0,1,0,0,0,0,0,0,0,0,1,0,0,0,0
"285",1,0,0,0,0,0,0,0,0,0,0,0,0,0,0,0
"286",0,1,0,0,0,2,0,0,0,2,0,0,0,0,0,0
"287",0,3,0,0,0,0,0,0,0,1,0,0,0,0,0,0
"288",0,0,0,0,0,0,0,0,0,0,0,1,0,0,0,1
"289",0,0,0,0,0,2,0,0,0,0,0,0,0,0,0,0
"290",0,0,0,0,0,1,0,0,0,0,0,0,0,0,0,0
"291",0,0,0,2,0,0,0,0,0,0,0,0,0,0,0,1
"292",1,0,0,1,0,1,1,0,1,1,0,0,1,1,1,3
"293",0,0,0,0,0,0,0,0,0,0,0,1,0,0,0,0
"294",0,0,0,0,0,0,0,0,0,1,0,0,0,0,0,1
"295",0,0,0,0,0,0,0,0,0,1,0,0,0,0,0,0
"296",0,0,0,0,0,0,0,0,0,0,0,1,0,0,0,0
"297",0,1,0,0,0,0,0,0,0,0,0,0,0,0,0,0
"298",0,0,0,0,0,2,0,1,0,1,0,0,0,0,0,0
"299",0,1,0,0,0,0,0,0,0,1,0,0,1,0,0,0
"300",0,2,0,0,0,0,0,1,0,0,0,0,0,0,0,0
"301",0,0,0,0,0,0,0,1,3,0,0,1,2,0,0,3
"302",1,0,0,0,0,0,0,0,1,1,0,0,0,0,0,0
"303",0,0,0,0,0,0,0,0,0,0,0,1,0,0,0,0
"304",0,0,0,0,0,1,0,0,0,0,0,0,1,0,0,0
"305",0,0,0,1,0,0,0,0,0,0,0,0,0,0,0,0
"306",0,0,0,0,0,0,0,1,1,1,0,0,0,0,0,0
"307",0,0,0,0,0,0,0,0,1,0,0,0,0,0,0,0
"308",0,1,0,0,0,0,0,0,0,0,0,0,1,0,0,0
"309",0,0,0,0,0,0,0,0,0,1,0,0,0,0,0,0
"310",0,1,0,0,0,0,0,0,0,0,0,0,0,0,0,0
"311",0,0,0,0,0,0,0,0,0,0,0,1,0,0,0,0
"312",0,6,0,0,0,4,0,1,0,4,0,0,1,0,0,0
"313",0,0,0,0,0,0,0,0,1,1,0,2,0,0,0,0
"314",4,1,0,2,0,0,1,0,4,2,0,1,1,0,4,7
"315",0,0,0,0,0,2,5,1,1,0,0,1,1,1,4,4
"316",0,0,0,0,0,0,0,0,0,0,0,1,0,0,0,0
"317",0,0,0,0,0,0,0,2,0,0,0,1,0,0,0,0
"318",0,0,0,1,0,0,0,0,0,0,0,0,0,0,0,1
"319",0,0,0,0,0,0,0,0,0,0,0,0,1,0,1,2
"320",0,2,0,0,1,1,0,1,0,3,0,0,0,0,0,0
"321",0,0,0,0,0,1,0,0,0,3,0,0,0,0,0,1
"322",0,1,0,0,0,0,0,0,0,0,0,0,0,0,0,0
"323",0,0,0,0,0,0,0,0,0,0,0,0,0,0,2,0
"324",0,0,0,0,0,0,0,0,0,1,0,0,0,0,0,0
"325",3,0,0,0,0,0,0,0,1,3,0,0,0,0,0,0
"326",1,0,0,1,0,0,0,0,0,0,0,0,0,0,0,0
"327",0,1,0,0,0,1,0,0,0,0,0,0,0,0,0,0
"328",0,1,0,0,0,0,0,0,0,0,0,0,0,0,0,0
"329",0,0,0,0,0,0,0,0,0,0,0,0,0,0,2,0
"330",0,0,0,0,0,0,0,0,0,1,0,0,0,0,0,2
"331",1,0,0,4,0,5,1,1,7,3,0,3,12,4,3,11
"332",0,0,0,0,0,1,0,0,0,2,0,0,0,0,0,0
"333",0,0,0,0,0,0,0,0,1,0,0,0,2,1,0,3
"334",0,0,0,1,0,0,2,0,3,0,0,1,2,0,1,0
"335",0,0,0,0,0,0,0,1,0,1,0,0,0,0,0,0
"336",0,1,0,0,0,0,0,0,0,0,0,0,0,0,0,0
"337",0,0,0,0,0,0,0,1,0,0,0,0,0,0,0,0
"338",0,0,0,0,0,0,0,0,0,1,0,0,0,0,0,0
"339",0,0,0,0,0,0,0,1,0,0,0,0,0,0,0,0
"340",0,0,0,0,0,0,0,0,1,0,0,0,0,0,0,1
"341",0,0,0,0,0,1,0,0,0,0,0,0,1,0,0,0
"342",0,0,0,0,0,1,0,0,0,1,0,0,0,0,0,0
"343",0,0,0,0,0,1,0,0,0,1,0,0,1,0,0,1
"344",0,2,0,0,0,2,0,0,0,4,0,0,1,0,0,0
"345",0,1,0,0,0,0,0,0,0,1,0,0,1,0,0,0
"346",0,0,0,0,0,1,0,0,0,0,0,0,0,0,0,0
"347",1,0,0,0,0,0,0,1,0,0,0,0,0,0,0,0
"348",2,0,0,1,0,0,0,0,0,1,0,2,0,0,0,0
"349",0,0,0,0,0,0,0,0,0,1,0,0,0,0,0,0
"350",0,1,0,0,0,0,0,0,0,0,0,0,0,0,0,0
"351",0,0,0,0,0,1,0,0,0,0,0,0,1,0,0,0
"352",1,0,0,0,0,0,0,0,0,0,0,0,0,0,1,1
"353",0,1,0,0,0,0,0,0,0,0,0,0,0,0,0,0
"354",0,0,0,0,0,0,0,1,0,0,0,0,0,0,0,0
"355",0,1,0,0,0,0,0,0,0,0,0,0,0,0,0,0
"356",0,0,0,0,0,0,0,0,0,0,0,5,0,0,0,0
"357",0,1,0,0,0,0,0,1,0,0,0,0,0,0,0,0
"358",0,0,0,0,0,0,0,0,0,0,0,0,0,0,1,0
"359",0,2,0,0,1,1,0,1,0,1,0,0,0,0,0,0
"360",0,0,0,0,0,1,0,0,0,0,0,0,0,0,0,0
"361",0,0,0,0,0,0,0,0,1,1,0,0,6,1,1,5
"362",0,0,0,0,0,0,0,0,0,0,0,0,0,0,0,1
"363",1,1,0,0,0,0,0,1,0,2,0,0,0,0,0,0
"364",0,0,0,0,0,0,0,0,0,0,0,1,0,0,0,0
"365",0,0,0,1,0,0,0,0,0,0,0,0,0,0,0,0
"366",0,0,0,0,0,0,0,0,0,0,0,1,0,0,0,0
"367",0,2,0,0,0,0,0,0,0,0,0,0,0,0,0,0
"368",0,0,0,1,0,0,0,0,0,0,0,0,0,0,0,0
"369",0,0,0,1,0,0,0,0,0,0,0,0,0,0,0,0
"370",0,0,0,0,0,0,0,0,0,1,0,0,0,0,0,0
"371",0,0,0,0,0,0,0,0,0,1,0,0,1,0,0,0
"372",0,0,0,0,0,0,0,0,0,0,0,1,0,0,0,1
"373",0,0,0,0,0,2,0,0,0,0,0,0,0,0,0,0
"374",0,0,0,0,0,0,0,1,0,1,0,0,0,0,0,0
"375",0,0,0,0,0,0,1,0,0,0,0,0,0,0,0,0
"376",0,0,0,0,0,1,0,0,0,0,0,0,0,0,0,0
"377",0,1,0,0,0,0,0,0,0,0,0,0,0,0,0,0
"378",0,0,0,0,0,0,0,0,0,0,0,0,1,0,0,0
"379",0,0,0,0,0,1,0,0,0,0,0,0,0,0,0,0
"380",0,0,0,0,0,0,0,0,0,2,0,0,1,0,0,0
"381",0,0,0,0,0,0,0,0,0,0,0,3,0,0,0,0
"382",0,0,0,0,0,0,0,0,0,1,0,0,1,0,0,0
"383",0,0,0,0,0,2,2,0,1,0,0,1,3,2,0,6
"384",0,1,0,0,0,0,0,0,0,0,0,0,0,0,0,0
"385",0,0,0,0,0,0,0,0,0,1,0,0,0,0,0,0
"386",0,0,0,0,0,0,0,0,0,1,0,0,0,0,0,0
"387",0,0,0,0,0,0,0,0,0,1,0,0,0,0,0,0
"388",0,1,0,0,0,2,0,0,0,0,0,1,1,0,0,0
"389",0,0,0,0,0,0,0,0,0,0,0,2,0,0,0,0
"390",0,0,0,0,0,2,0,0,0,1,0,0,0,0,0,0
"391",0,3,0,0,0,0,0,0,0,1,0,0,0,0,0,0
"392",0,0,0,0,0,1,0,0,0,1,0,0,1,0,0,0
"393",0,0,0,0,0,0,0,0,0,0,0,0,0,0,0,1
"394",0,0,0,0,0,0,0,0,0,0,0,0,1,1,0,1
"395",0,0,0,0,0,0,0,0,0,1,0,0,0,0,0,0
"396",0,0,0,1,0,0,0,0,0,0,0,1,1,0,0,0
"397",0,0,0,1,0,0,0,0,0,0,0,0,0,0,0,0
"398",1,0,0,0,0,0,0,0,0,0,0,0,2,0,3,8
"399",0,0,0,0,0,1,0,0,0,0,0,0,0,0,0,0
"400",0,0,0,0,0,0,0,0,0,1,0,0,0,0,0,0
"401",0,0,0,0,0,0,0,0,0,0,0,0,1,0,0,0
"402",0,5,0,0,0,4,0,1,0,5,0,0,2,0,0,0
"403",0,0,0,0,0,0,0,0,0,1,0,0,0,0,0,1
"404",0,0,0,0,0,0,0,0,0,0,0,2,0,0,0,0
"405",0,0,0,0,0,0,0,0,0,0,0,0,1,0,0,0
"406",1,0,0,0,0,0,0,0,0,0,0,0,0,0,0,0
"407",0,0,0,0,0,0,0,0,0,0,0,0,0,0,4,0
"408",0,1,0,0,0,0,0,0,0,0,0,0,0,0,0,0
"409",0,0,0,0,0,1,1,0,1,1,0,0,3,0,0,1
"410",0,0,0,0,0,0,0,0,2,0,0,1,2,0,0,0
"411",0,0,0,0,0,0,0,1,0,0,0,0,0,0,0,0
"412",0,9,0,0,1,5,3,2,0,4,0,1,0,0,2,1
"413",0,0,0,0,0,0,0,0,4,0,0,0,0,0,0,2
"414",0,0,0,2,0,3,2,0,0,3,0,0,4,3,0,2
"415",0,0,0,0,0,0,0,0,0,1,0,0,0,0,0,0
"416",0,0,0,0,0,0,0,0,0,1,0,0,0,0,0,0
"417",0,0,0,0,0,0,0,0,0,0,0,0,1,0,0,0
"418",0,0,0,0,0,0,0,0,0,0,0,0,0,0,0,0
"419",0,0,0,1,0,0,0,0,0,0,0,0,0,0,0,0
"420",0,0,0,1,0,0,0,0,0,0,0,0,0,0,0,0
"421",0,14,0,1,1,8,0,5,0,11,0,0,7,0,0,0
"422",0,0,0,0,0,0,0,0,1,0,0,0,0,0,0,2
"423",0,0,0,1,0,0,0,0,1,0,0,0,0,0,0,0
"424",0,0,0,0,0,0,0,0,0,1,0,0,0,0,0,0
"425",0,0,0,0,0,0,0,0,0,0,0,0,1,1,0,1
"426",0,1,0,0,0,0,0,0,0,1,0,0,0,0,0,0
"427",0,0,0,0,0,0,0,0,0,0,0,0,0,0,1,0
"428",0,0,0,1,0,1,2,2,2,2,0,3,2,1,0,5
"429",0,0,0,0,0,0,0,0,0,1,0,0,0,0,0,0
"430",0,0,0,0,1,0,0,0,0,0,0,0,0,0,0,0
"431",0,1,0,0,0,0,0,0,0,0,0,0,0,0,0,0
"432",0,0,0,0,0,0,0,1,0,0,0,0,0,0,0,0
"433",0,1,0,0,0,0,0,1,0,0,0,0,0,0,1,0
"434",1,0,0,0,0,0,0,0,0,0,0,0,0,0,0,0
"435",0,1,0,0,0,0,0,0,0,0,0,0,0,0,0,0
"436",0,2,0,0,0,1,0,1,1,1,0,1,0,0,1,0
"437",0,0,0,0,0,1,0,0,0,0,0,0,0,0,0,0
"438",0,0,0,0,0,1,0,0,0,0,0,0,0,0,0,0
"439",0,0,0,0,0,2,2,0,2,0,0,1,1,1,0,4
"440",0,0,0,0,0,0,0,0,0,1,0,0,0,0,0,0
"441",0,0,0,0,0,0,0,0,0,0,0,0,1,0,0,0
"442",0,1,0,0,0,0,0,0,0,1,0,0,0,0,0,0
"443",0,1,0,0,0,3,0,1,0,1,0,1,1,0,0,0
"444",0,0,0,0,0,1,0,0,0,0,0,0,0,0,0,0
"445",0,0,0,0,0,0,0,0,0,1,0,0,0,0,0,0
"446",0,0,0,0,0,1,0,0,0,1,0,0,0,0,0,0
"447",3,0,0,3,0,1,8,1,11,1,0,4,8,2,8,20
"448",0,0,0,0,0,0,2,0,1,0,0,0,0,0,1,0
"449",6,0,0,0,0,0,0,0,0,0,0,0,0,0,0,0
"450",0,1,0,0,0,0,0,0,0,0,0,0,0,0,0,0
"451",0,0,0,0,0,0,0,1,0,0,0,0,1,0,0,0
"452",1,0,0,0,0,0,0,0,0,0,0,0,0,0,6,0
"453",0,0,0,0,0,1,0,0,0,0,0,0,0,0,0,0
"454",0,0,0,0,0,0,0,1,0,0,0,0,0,0,0,0
"455",0,0,0,1,0,0,0,0,0,0,0,0,2,0,0,0
"456",1,3,0,0,0,3,0,0,0,3,0,0,4,0,1,0
"457",1,0,0,1,0,0,0,0,4,0,0,1,0,0,0,0
"458",0,0,0,0,0,0,0,0,0,0,0,0,0,0,0,2
"459",0,0,0,0,0,0,0,0,0,0,0,0,0,0,0,2
"460",0,0,0,1,0,0,0,0,0,0,0,0,0,0,0,0
"461",0,2,0,0,0,1,0,0,0,1,0,1,1,0,1,0
"462",0,0,0,0,0,0,0,0,0,1,0,0,0,0,0,0
"463",0,0,0,0,0,1,0,0,0,0,0,0,0,0,0,0
"464",1,0,0,0,0,0,0,0,0,0,0,0,0,0,0,0
"465",0,0,0,0,0,0,0,0,0,0,0,0,1,0,0,0
"466",0,0,0,0,0,0,0,0,2,0,0,0,0,0,0,0
"467",0,0,0,0,0,0,0,0,0,0,0,0,1,0,0,0
"468",0,0,0,0,0,0,0,0,0,1,0,0,0,0,0,0
"469",0,0,0,0,0,0,1,0,0,0,0,0,0,0,0,0
"470",1,0,0,3,0,0,0,0,3,0,0,0,0,0,0,1
"471",0,0,0,0,0,1,0,0,0,0,0,0,0,0,0,0
"472",0,3,0,0,0,0,0,0,0,2,0,0,1,0,0,0
"473",0,0,0,0,0,0,0,0,0,1,0,0,0,0,0,1
"474",0,0,0,0,0,0,0,0,0,1,0,2,0,0,1,1
"475",0,0,0,0,0,1,0,0,0,1,0,0,0,0,0,0
"476",0,0,0,0,0,0,0,0,0,0,0,1,0,0,0,0
"477",2,7,0,1,0,4,0,3,2,7,0,0,6,0,1,0
"478",0,0,0,3,0,0,0,0,0,0,0,1,0,0,0,0
"479",1,0,0,0,0,0,0,0,0,0,0,0,0,0,0,0
"480",0,1,0,0,0,1,0,1,0,0,0,0,0,0,0,0
"481",0,1,0,0,1,1,0,0,0,0,0,0,1,0,0,0
"482",0,0,0,0,0,0,0,0,0,0,0,0,1,0,0,0
"483",0,0,0,0,0,0,0,0,0,1,0,0,0,0,0,0
"484",0,0,0,0,0,0,0,0,1,0,0,0,0,0,0,1
"485",0,1,0,0,0,0,0,0,0,1,0,0,0,0,0,0
"486",0,0,0,0,0,0,0,0,0,1,0,0,0,0,0,0
"487",0,0,0,0,0,1,0,0,0,0,0,0,0,0,0,0
"488",0,0,0,0,0,0,0,0,0,1,0,0,0,0,0,0
"489",0,0,0,0,0,0,0,0,0,0,0,0,0,0,0,2
"490",0,1,0,0,0,0,0,0,0,0,0,0,0,0,0,0
"491",0,0,0,0,0,0,0,0,0,0,0,0,1,0,0,0
"492",2,0,0,2,0,1,1,0,4,2,0,2,6,3,2,9
"493",0,0,0,0,0,0,0,0,1,0,0,0,0,0,0,0
"494",0,0,0,0,0,0,2,0,0,0,0,0,0,0,0,0
"495",0,0,0,0,0,0,0,0,0,1,0,0,0,0,0,0
"496",0,0,0,0,0,0,0,0,0,0,0,0,1,0,0,0
"497",0,0,0,0,0,1,0,0,0,0,0,1,0,0,0,0
"498",0,0,0,0,0,0,0,0,0,0,0,0,0,0,0,0
"499",0,1,0,0,0,0,0,0,0,0,0,0,0,0,0,0
"500",0,0,0,0,0,0,0,0,0,0,0,0,1,0,0,0
"501",0,0,0,0,0,0,0,0,0,1,0,0,0,0,0,0
"502",0,0,0,0,0,0,2,0,0,0,0,0,0,0,2,0
"503",0,1,0,0,0,1,0,0,0,1,0,1,3,0,1,2
"504",0,1,0,0,0,0,0,0,0,1,0,0,0,0,0,0
"505",0,0,0,0,0,0,0,0,0,1,0,0,0,0,0,0
"506",0,1,0,0,0,0,0,1,0,1,0,0,0,0,0,0
"507",0,2,0,0,0,0,0,0,0,0,0,0,0,0,0,0
"508",0,0,0,0,0,0,1,0,3,1,1,3,4,1,0,4
"509",0,0,0,0,0,1,0,0,0,0,0,0,0,0,0,0
"510",0,0,0,0,0,1,0,0,0,0,0,0,0,0,0,0
"511",0,0,0,0,0,0,0,0,0,0,0,0,1,0,0,0
"512",0,0,0,0,0,0,0,0,0,0,0,0,0,0,0,3
"513",0,0,0,0,0,0,1,0,0,0,0,0,0,0,2,0
"514",0,0,1,0,0,0,2,0,1,0,1,0,9,1,1,11
"515",0,0,0,0,0,0,0,0,0,0,0,0,1,0,0,0
"516",0,0,0,0,0,1,0,0,0,1,0,0,0,0,0,0
"517",0,0,0,0,0,0,0,0,0,0,0,0,0,0,0,1
"518",0,0,0,0,0,0,0,0,0,1,0,0,0,0,0,0
"519",0,1,0,0,0,0,0,0,0,0,0,0,0,0,0,0
"520",0,1,0,0,0,0,0,0,0,0,0,0,0,0,0,0
"521",0,0,0,0,0,0,1,0,0,0,0,1,3,0,0,4
"522",0,0,0,0,0,0,0,0,0,0,0,0,1,0,0,0
"523",0,0,0,0,0,0,0,0,0,0,0,0,1,0,0,0
"524",0,1,0,0,0,1,0,1,0,2,1,0,0,0,0,0
"525",0,0,0,0,0,0,0,0,0,1,0,0,0,0,0,0
"526",0,2,0,0,1,0,0,0,0,1,0,0,0,0,0,0
"527",0,0,0,0,0,0,0,1,0,0,0,0,0,0,0,0
"528",0,0,0,0,0,0,0,0,0,0,0,1,0,0,0,0
"529",0,0,0,1,0,0,0,0,0,0,0,0,0,0,0,0
"530",0,0,0,0,0,0,0,1,0,1,0,0,0,0,0,0
"531",0,0,0,0,0,0,0,0,0,0,0,1,1,0,0,0
"532",0,1,0,0,0,0,0,0,0,0,0,0,1,0,0,0
"533",4,4,0,1,1,2,0,2,4,5,0,1,1,1,9,2
"534",0,0,0,0,0,0,0,0,0,1,0,0,2,0,0,4
"535",0,0,0,0,0,0,0,0,0,0,0,0,2,0,0,4
"536",0,0,0,1,0,0,0,0,0,0,0,0,0,0,0,0
"537",0,0,0,0,0,0,0,0,0,0,0,1,0,0,0,0
"538",0,0,0,0,0,0,0,0,0,0,0,0,0,1,0,0
"539",0,0,0,0,0,1,0,0,0,0,0,0,1,0,0,0
"540",0,0,0,1,0,0,0,0,0,1,0,1,0,0,0,0
"541",0,1,0,0,0,0,0,0,0,3,0,0,1,0,0,0
"542",0,0,0,1,0,0,0,0,0,0,0,0,0,0,0,0
"543",0,1,0,0,0,1,0,2,0,0,0,0,0,0,0,0
"544",0,0,0,0,0,0,0,0,0,0,0,1,0,0,0,0
"545",0,0,0,0,0,0,1,0,0,0,0,1,0,0,1,1
"546",0,0,0,0,0,0,0,0,0,1,0,0,0,0,0,0
"547",0,0,0,0,0,0,0,0,0,0,0,0,1,0,0,0
"548",0,0,0,0,0,0,0,0,0,0,0,0,2,0,0,0
"549",0,0,1,0,0,0,0,0,0,0,0,1,4,0,0,0
"550",0,0,0,0,0,0,2,0,0,0,0,0,1,0,0,2
"551",0,0,0,0,0,0,0,0,0,0,0,0,0,0,0,1
"552",0,1,0,0,0,0,0,0,0,0,0,0,0,0,0,0
"553",0,0,0,0,0,0,0,0,0,0,0,0,1,0,0,0
"554",0,0,0,1,0,0,0,0,0,2,0,1,0,0,0,0
"555",0,0,0,0,0,0,0,0,0,1,0,0,0,0,0,0
"556",0,2,0,0,0,0,0,1,0,0,0,0,1,0,0,0
"557",0,0,0,0,0,0,1,0,0,0,0,0,0,0,1,3
"558",0,0,0,0,0,0,0,0,0,0,0,1,0,0,0,0
"559",0,0,0,0,0,0,0,0,0,1,0,0,0,0,0,0
"560",0,0,0,0,0,0,0,0,0,0,0,0,0,0,4,0
"561",0,1,0,0,0,1,0,0,0,1,0,0,0,0,0,0
"562",0,0,0,0,0,0,0,0,0,0,0,0,1,0,0,0
"563",0,0,0,0,0,0,0,0,0,0,0,0,0,0,0,1
"564",0,1,0,0,0,0,0,0,0,0,0,0,0,0,0,0
"565",0,1,0,0,0,0,0,1,0,0,0,0,0,0,0,0
"566",0,7,0,0,1,7,2,3,1,7,0,2,8,0,1,0
"567",0,0,0,0,0,0,0,0,0,0,0,0,0,0,0,1
"568",0,0,0,0,0,0,0,0,0,1,0,0,0,0,0,0
"569",0,4,0,0,1,2,0,2,0,4,0,1,0,0,4,1
"570",0,1,0,0,0,0,0,0,0,0,0,0,0,0,0,0
"571",1,0,0,0,0,0,0,0,0,0,0,0,0,0,0,0
"572",0,0,0,0,0,0,0,0,0,0,0,0,1,0,0,0
"573",0,0,0,0,0,0,0,0,0,0,0,0,0,0,0,1
"574",0,0,0,0,0,1,0,0,0,2,0,0,1,0,0,0
"575",1,0,0,0,0,0,0,1,0,1,0,0,0,0,0,0
"576",7,0,0,6,0,5,9,2,14,10,0,9,12,5,15,28
"577",0,0,0,0,0,0,0,0,0,0,0,0,0,0,0,0
"578",0,0,0,0,0,0,1,0,0,0,0,2,0,0,0,0
"579",0,0,0,0,0,0,0,0,0,1,0,0,0,0,0,0
"580",0,0,0,0,0,1,0,0,0,0,0,0,0,0,0,0
"581",0,0,0,0,0,1,0,0,0,1,0,0,0,0,1,0
"582",0,0,0,0,0,0,0,0,0,1,0,0,0,0,0,0
"583",0,0,0,0,0,0,0,0,0,0,0,1,0,0,0,0
"584",0,1,0,0,0,0,0,0,0,0,0,0,0,0,0,0
"585",2,0,0,0,0,0,0,0,0,0,0,0,0,0,0,0
"586",0,5,0,0,1,3,0,1,0,5,0,0,3,0,0,0
"587",0,0,0,0,0,0,0,0,0,1,0,0,0,0,0,0
"588",0,0,0,0,0,0,0,1,0,0,0,0,0,0,0,0
"589",0,0,0,0,0,0,1,0,0,0,0,0,0,0,1,0
"590",0,1,0,0,0,0,0,1,0,0,0,0,0,0,2,0
"591",0,0,0,0,0,0,0,1,0,0,0,0,0,0,0,0
"592",1,0,0,0,0,1,0,0,1,0,0,0,1,0,0,4
"593",0,0,0,0,0,0,0,0,0,0,0,0,0,0,0,0
"594",0,1,0,0,0,1,0,0,0,0,0,0,0,0,0,0
"595",0,0,0,0,0,0,0,0,0,0,0,0,0,0,1,0
"596",0,0,0,0,0,0,0,0,0,1,0,0,0,0,0,0
"597",0,0,0,0,0,0,0,0,0,1,0,0,0,0,0,0
"598",0,0,0,0,0,0,0,0,0,0,0,0,0,0,1,0
"599",0,1,0,0,0,0,0,0,0,0,0,0,0,0,0,0
"600",0,0,0,0,0,0,0,0,0,1,0,0,0,0,0,0
"601",0,0,0,0,0,0,0,1,0,0,0,0,0,0,0,0
"602",0,2,0,0,0,4,1,1,1,1,0,0,1,0,2,0
"603",1,0,0,0,0,0,0,0,0,0,0,0,0,0,0,0
"604",0,0,0,0,0,0,0,0,0,0,0,0,1,0,0,0
"605",0,0,0,0,0,0,0,0,0,0,0,0,0,0,0,1
"606",1,0,0,3,0,0,0,0,0,7,0,8,0,0,2,5
"607",0,0,0,1,0,0,0,0,0,0,0,0,0,0,0,0
"608",0,1,0,0,0,1,0,0,0,0,0,0,0,0,0,0
"609",2,1,0,5,0,8,5,2,11,4,0,6,7,4,1,9
"610",0,7,0,0,0,5,1,2,0,5,0,1,5,0,0,0
"611",0,0,0,0,0,0,0,0,0,0,0,2,0,0,0,3
"612",0,0,0,1,0,0,0,0,0,0,0,0,0,0,0,0
"613",0,0,0,0,0,0,0,0,0,0,0,1,1,0,0,0
"614",0,0,0,0,0,0,0,0,0,1,0,0,0,0,0,0
"615",0,0,0,0,0,0,0,0,0,0,0,0,1,0,0,0
"616",0,0,0,0,0,0,0,0,0,0,0,0,1,0,0,0
"617",0,0,0,0,0,0,0,0,0,0,0,0,1,0,0,0
"618",0,0,0,0,0,0,0,1,0,0,0,0,0,0,0,0
"619",0,0,0,0,1,0,0,0,0,0,0,0,0,0,0,0
"620",0,1,0,0,0,1,0,0,0,0,0,0,0,0,0,0
"621",0,0,0,0,0,0,0,2,0,0,0,0,0,0,0,0
"622",1,0,0,0,1,0,0,0,0,1,0,0,0,0,0,0
"623",0,0,0,0,0,0,5,0,1,2,0,5,1,0,1,0
"624",0,0,0,0,0,1,0,0,0,0,0,0,0,0,0,0
"625",0,0,0,0,0,1,0,0,0,0,0,0,0,0,0,0
"626",0,0,0,0,0,0,0,0,0,0,0,0,0,1,0,0
"627",0,0,0,2,0,0,2,0,1,0,0,0,1,0,5,2
"628",0,1,0,0,0,0,0,0,0,0,0,0,0,0,0,0
"629",0,0,0,0,0,0,0,0,0,0,0,0,3,1,0,0
"630",0,0,0,0,0,0,0,0,0,0,0,0,0,0,0,0
"631",0,1,0,0,0,0,0,0,0,0,0,1,2,0,0,1
"632",0,0,0,0,0,0,0,0,0,0,0,0,1,0,0,0
"633",0,0,0,0,0,0,0,0,0,0,0,1,0,0,0,1
"634",0,1,0,0,0,0,0,0,0,1,0,0,0,0,0,0
"635",0,2,0,0,0,0,0,0,0,0,0,0,0,0,0,0
"636",0,0,0,0,0,0,0,0,0,0,0,0,1,0,0,0
"637",0,1,0,0,0,0,0,0,0,0,0,0,0,0,0,0
"638",0,1,0,0,0,0,0,0,0,0,0,0,0,0,0,0
"639",1,0,0,0,0,0,0,0,0,0,0,0,0,0,0,0
"640",0,0,0,0,0,0,0,0,0,0,0,0,0,0,1,0
"641",0,0,0,2,0,0,0,1,0,0,0,0,1,0,2,0
"642",0,0,0,0,0,0,0,0,0,1,0,0,0,0,0,0
"643",0,0,0,0,0,0,0,0,0,0,0,1,0,0,0,0
"644",0,0,0,0,0,0,0,0,0,1,0,0,0,0,0,0
"645",0,0,0,0,0,0,0,0,0,0,0,1,1,0,0,0
"646",0,0,0,0,0,0,0,0,0,0,0,0,1,0,0,0
"647",1,0,0,1,0,5,1,0,12,4,0,1,5,2,0,10
"648",0,0,0,0,0,0,0,0,0,0,0,0,2,0,0,0
"649",1,0,0,0,0,0,0,0,0,0,0,0,0,0,0,0
"650",0,0,0,0,0,0,0,0,0,0,0,1,0,0,0,0
"651",0,0,0,0,0,0,0,1,0,0,0,0,0,0,0,0
"652",0,0,0,1,0,0,0,0,0,0,0,0,0,0,0,0
"653",0,0,0,1,0,0,0,0,0,0,0,1,0,0,0,0
"654",0,1,0,0,0,2,0,0,0,0,0,0,2,0,0,0
"655",0,0,0,0,0,0,0,0,0,1,0,0,0,0,0,0
"656",0,0,0,0,0,0,0,0,0,2,0,0,0,0,0,0
"657",0,0,0,0,0,0,0,1,0,0,0,2,1,0,0,3
"658",0,0,0,0,0,1,0,0,0,0,0,0,0,0,0,0
"659",0,0,0,0,0,0,0,0,0,1,0,2,0,0,0,0
"660",0,0,0,0,0,0,0,0,1,0,0,0,0,0,0,0
"661",0,0,0,0,0,0,0,0,0,0,0,1,0,0,0,0
"662",0,0,0,0,0,0,0,0,0,0,0,2,0,0,1,1
"663",20,1,0,4,0,0,5,0,2,6,0,6,2,1,8,12
"664",0,0,0,0,0,0,0,1,0,1,0,1,0,0,0,0
"665",0,0,0,2,0,0,2,0,0,0,0,0,0,0,0,0
"666",0,0,0,0,0,0,0,0,1,0,0,0,0,0,0,1
"667",0,1,0,0,0,1,0,0,0,1,0,0,0,0,0,0
"668",0,0,0,1,0,0,0,0,0,0,0,0,0,0,0,0
"669",0,2,0,0,0,0,0,0,0,2,0,0,0,0,0,0
"670",0,3,0,0,0,2,0,1,0,3,0,0,2,0,0,0
"671",0,0,0,0,0,1,0,0,0,0,0,0,0,0,0,0
"672",0,1,0,0,0,0,0,0,0,0,0,0,0,0,0,0
"673",0,0,0,0,0,0,0,0,0,2,0,0,0,0,0,0
"674",0,0,0,0,0,1,0,0,0,3,0,0,0,0,0,0
"675",0,1,0,0,0,0,0,0,0,0,0,0,0,0,0,1
"676",0,0,0,0,0,0,0,0,0,0,0,2,0,0,0,2
"677",0,0,0,1,0,0,0,0,0,0,0,0,0,0,0,0
"678",0,0,0,0,0,1,0,0,0,1,0,0,0,0,0,0
"679",0,0,0,0,0,0,0,0,0,0,0,0,0,1,0,0
"680",0,0,0,1,0,0,0,0,0,0,0,0,0,0,0,0
"681",1,0,0,0,0,0,0,0,0,0,0,0,0,0,0,0
"682",0,0,0,0,0,1,0,0,0,1,0,0,0,0,0,0
"683",0,3,0,0,1,2,0,1,0,3,0,0,2,0,0,0
"684",1,0,0,0,0,0,0,0,0,0,0,1,0,0,0,0
"685",0,0,0,0,0,0,0,0,0,0,0,0,1,0,0,0
"686",0,1,0,0,0,1,0,1,0,3,0,0,0,0,0,0
"687",0,0,0,0,0,0,0,0,0,0,0,0,1,0,0,0
"688",0,1,0,0,0,0,0,1,0,0,0,0,0,0,0,0
"689",0,0,0,0,0,0,0,0,0,0,0,0,1,0,0,0
"690",1,5,0,0,0,3,0,3,0,7,0,0,0,0,1,1
"691",0,0,0,1,0,0,0,0,0,0,0,0,0,0,0,0
"692",0,1,0,0,0,0,0,0,0,1,0,0,0,0,0,0
"693",0,0,0,0,0,0,0,0,0,0,0,0,1,0,0,0
"694",0,0,0,0,0,0,0,0,0,0,0,0,1,0,0,0
"695",2,0,0,1,0,0,0,0,0,0,0,0,0,0,0,0
"696",1,0,0,3,0,0,0,0,0,5,0,0,0,0,4,1
"697",0,0,0,0,0,0,0,0,0,0,0,2,0,0,1,0
"698",0,0,0,0,0,0,0,0,3,0,0,0,0,0,0,4
"699",1,0,0,0,0,0,0,0,0,0,0,0,0,0,0,0
"700",0,0,0,0,0,0,0,0,0,0,0,0,1,0,0,2
"701",1,4,0,0,0,2,0,3,0,2,0,0,1,0,0,0
"702",0,0,0,0,0,0,0,0,0,0,0,1,0,1,0,0
"703",0,0,0,0,0,0,0,0,0,1,0,0,0,0,0,0
"704",0,0,0,0,0,0,0,0,0,1,0,0,0,0,0,0
"705",0,0,0,0,0,0,0,0,0,0,0,0,1,0,0,0
"706",0,0,0,0,1,0,0,0,0,0,0,0,0,0,0,0
"707",1,0,0,0,0,0,0,0,0,4,0,0,1,0,0,1
"708",0,1,0,0,0,0,0,0,0,0,0,0,0,0,0,0
"709",0,0,0,0,0,0,0,0,0,0,0,0,0,0,1,0
"710",0,0,0,0,0,0,0,0,0,0,0,0,0,0,3,0
"711",0,0,0,1,0,0,0,0,1,0,0,0,0,0,0,0
"712",0,2,0,0,0,1,0,1,0,0,0,2,1,0,1,0
"713",0,0,0,0,0,0,2,1,0,0,0,0,0,0,0,0
"714",0,0,0,1,0,0,0,0,0,0,0,0,0,0,0,0
"715",0,0,0,0,0,0,0,0,0,0,0,0,0,0,1,0
"716",0,0,0,0,0,0,1,0,0,0,0,1,0,0,0,2
"717",0,2,0,1,0,1,0,0,0,0,0,0,1,0,0,0
"718",0,0,0,1,0,0,0,0,0,0,0,0,0,0,0,0
"719",1,0,0,0,0,0,0,0,0,0,0,0,0,0,0,0
"720",0,0,0,0,0,0,0,0,0,1,0,2,0,0,0,0
"721",0,2,0,0,0,0,0,0,0,0,0,0,0,0,0,0
"722",0,0,0,0,0,0,0,0,0,2,0,0,0,0,0,0
"723",0,1,0,0,0,0,0,0,0,0,0,0,0,0,0,0
"724",0,0,0,0,0,0,0,0,0,0,0,1,0,0,0,0
"725",0,0,0,0,0,0,0,1,0,2,0,0,0,0,0,0
"726",0,0,0,1,0,0,1,0,1,0,0,2,0,1,0,1
"727",0,0,0,0,0,0,0,0,0,0,0,5,0,0,0,0
"728",0,0,0,0,0,0,0,0,0,0,0,0,0,0,1,0
"729",0,0,0,0,0,0,0,0,0,1,0,0,1,0,0,0
"730",0,0,0,2,0,0,0,0,0,0,0,0,0,0,0,0
"731",0,2,0,0,0,0,0,2,0,4,0,0,0,0,0,0
"732",0,0,0,0,0,0,0,0,0,0,0,0,1,2,0,0
"733",1,0,0,0,0,0,0,0,0,0,0,0,0,0,0,0
"734",0,0,0,0,0,0,0,0,0,0,0,0,1,0,0,0
"735",0,0,0,0,0,0,0,0,0,0,0,0,1,0,0,0
"736",0,1,0,0,0,0,0,0,0,0,0,0,0,0,0,0
"737",0,1,0,0,0,0,0,0,0,0,0,0,0,0,0,0
"738",0,0,0,0,0,0,0,0,0,1,0,0,0,0,0,0
"739",0,0,0,0,0,1,0,0,0,0,0,0,1,0,0,0
"740",0,0,0,0,0,0,0,1,0,0,0,0,1,0,0,0
"741",0,0,0,0,0,0,0,0,0,1,0,0,0,0,0,0
"742",0,0,0,0,0,0,0,0,0,1,0,0,0,0,0,0
"743",0,1,0,0,0,0,0,0,0,0,0,0,0,0,0,0
"744",0,0,0,0,0,0,0,1,0,5,0,0,0,0,0,0
"745",0,5,0,0,0,1,4,0,0,2,0,1,2,0,1,0
"746",0,0,0,0,0,0,0,0,0,1,0,0,0,0,1,0
"747",3,1,0,1,0,0,1,0,0,0,0,1,0,0,0,0
"748",0,0,0,1,0,0,0,0,0,0,0,0,0,0,0,0
"749",0,0,0,0,0,0,0,0,0,0,0,0,0,0,0,0
"750",0,0,0,0,0,0,0,0,0,1,0,0,0,0,0,0
"751",0,1,0,0,0,0,1,1,2,2,1,4,3,0,4,2
"752",0,0,0,0,0,0,0,0,0,0,0,1,0,0,0,0
"753",0,0,0,0,0,0,0,0,0,0,0,0,0,0,1,0
"754",0,0,0,0,0,0,0,1,0,0,0,3,0,0,0,1
"755",0,0,0,2,0,0,0,0,0,0,0,0,0,0,0,0
"756",0,1,0,0,0,4,0,0,0,1,0,0,2,1,0,0
"757",0,1,0,0,0,0,0,0,0,0,0,0,0,0,0,0
"758",0,1,0,0,0,0,0,0,0,0,0,0,0,0,0,0
"759",0,0,0,0,0,0,0,0,0,0,0,0,1,0,0,0
"760",0,0,0,0,0,0,0,0,0,0,0,0,0,0,0,1
"761",0,0,0,2,0,1,0,0,1,1,0,0,1,4,0,1
"762",0,0,0,0,0,0,0,1,0,0,0,0,0,0,0,0
"763",0,0,0,0,0,0,0,0,0,2,0,0,0,0,0,0
"764",0,0,0,0,0,0,0,0,0,1,0,0,0,0,0,0
"765",0,0,0,0,0,0,0,0,0,0,0,1,2,1,0,0
"766",0,0,0,0,0,2,0,0,0,1,0,0,0,0,0,0
"767",0,0,0,0,0,0,0,0,0,0,0,1,0,0,0,0
"768",0,0,0,0,0,0,0,0,0,1,0,0,0,0,0,0
"769",0,0,0,0,0,0,0,0,0,0,0,0,0,0,0,1
"770",0,0,0,0,0,0,1,0,0,0,0,1,0,0,0,0
"771",0,0,0,1,0,0,0,0,0,0,0,1,2,0,0,0
"772",0,0,0,0,0,0,0,0,0,0,0,0,0,0,0,2
"773",0,0,0,1,0,0,0,0,0,0,0,0,0,0,0,0
"774",0,0,0,0,0,1,0,0,0,0,0,0,0,0,0,0
"775",0,0,0,0,0,0,0,1,0,0,0,0,0,0,0,0
"776",0,0,0,0,0,0,0,0,1,0,0,1,0,0,0,1
"777",1,0,0,0,0,1,0,0,0,1,0,3,0,0,4,2
"778",0,0,0,0,0,0,0,0,3,0,0,1,3,0,0,1
"779",0,0,0,0,0,0,0,1,0,0,0,0,0,0,0,0
"780",0,0,0,0,0,1,0,0,0,0,0,0,0,0,0,0
"781",0,0,0,0,0,0,0,0,0,0,0,0,1,0,0,2
"782",0,0,0,0,0,0,0,0,0,0,0,1,0,0,0,0
"783",0,0,0,0,0,0,0,0,0,1,0,0,0,0,0,0
"784",0,1,0,0,0,0,0,0,0,0,0,0,0,0,0,0
"785",0,1,0,0,0,0,0,0,0,0,0,0,0,0,0,0
"786",0,1,0,0,0,0,0,0,0,0,0,0,0,0,0,0
"787",0,0,0,0,0,0,0,0,1,0,0,0,0,0,0,2
"788",2,3,0,1,0,3,5,2,5,6,0,12,9,1,5,4
"789",0,0,0,0,0,0,0,0,1,1,0,0,1,0,0,0
"790",0,0,0,1,0,0,0,0,0,0,0,0,0,0,0,0
"791",0,0,0,0,0,0,0,0,0,0,0,1,0,0,0,0
"792",0,2,0,0,0,0,0,0,0,0,0,0,0,0,0,0
"793",0,2,0,0,0,3,0,0,1,2,0,0,2,0,2,0
"794",0,1,0,0,0,1,0,0,0,2,0,0,1,0,0,0
