"","centralis","crenulatum","hirsuta","microtis","nigricans","parnellii","bilineata","leptura"
"1",0,1,0,0,0,0,0,0
"2",0,1,0,0,0,0,0,0
"3",0,0,0,0,3,0,0,0
"4",0,1,0,0,0,0,0,0
"5",0,0,0,0,1,0,0,0
"6",0,1,0,0,0,0,0,0
"7",0,0,0,0,0,0,0,1
"8",0,0,0,0,0,0,0,1
"9",0,0,0,0,1,0,0,0
"10",0,0,0,1,0,0,0,0
"11",0,0,0,0,0,0,0,1
"12",0,0,0,0,0,1,0,0
"13",0,0,0,0,0,0,0,1
"14",0,0,0,0,0,0,0,1
"15",0,0,0,0,1,0,0,0
"16",0,0,0,0,1,0,0,0
"17",0,0,0,0,0,0,0,1
"18",0,0,0,0,1,0,0,0
"19",1,0,0,0,1,0,1,1
"20",0,1,0,0,0,0,0,0
"21",0,0,0,0,1,0,0,1
"22",0,0,0,0,0,1,0,0
"23",0,0,0,0,3,0,0,0
"24",0,0,1,0,0,0,0,0
"25",0,0,0,0,0,0,0,1
"26",0,0,0,0,0,0,0,1
"27",0,0,0,0,0,0,0,1
"28",0,0,0,0,1,0,0,0
"29",0,0,0,0,1,0,0,0
"30",0,0,0,0,0,0,0,1
"31",0,0,0,0,0,0,0,1
"32",0,1,0,0,0,0,0,0
"33",0,0,0,0,0,1,0,0
"34",0,0,0,0,1,0,0,0
"35",0,0,0,0,1,0,0,0
"36",0,0,0,0,0,0,0,1
"37",0,0,0,0,1,0,0,0
"38",0,0,0,1,0,0,0,0
"39",0,1,0,0,0,0,0,0
"40",0,0,0,0,1,0,0,0
"41",0,0,0,0,0,0,0,1
"42",0,0,0,0,1,0,0,0
"43",0,0,0,0,0,0,0,1
"44",0,0,1,0,0,0,0,0
"45",0,0,0,0,1,0,0,0
"46",0,0,0,0,1,0,0,0
"47",0,0,0,0,1,0,0,0
"48",0,0,0,1,0,0,0,0
"49",0,0,0,0,1,0,0,0
"50",0,0,0,0,1,0,0,0
"51",0,0,0,0,1,0,0,0
"52",0,0,0,1,0,0,0,0
"53",0,0,0,0,1,0,0,0
"54",0,0,0,0,1,0,0,0
"55",0,0,0,0,2,0,0,0
"56",0,0,0,0,1,0,0,0
"57",0,0,1,0,0,0,0,0
"58",0,0,0,0,0,0,0,1
"59",0,0,0,1,0,0,0,0
"60",0,0,0,0,1,0,0,0
"61",0,0,0,0,1,0,0,0
"62",0,0,0,0,1,0,0,0
"63",0,0,0,0,0,0,0,1
"64",0,0,0,0,0,0,0,1
"65",0,0,0,0,1,0,0,0
"66",0,0,0,0,2,0,0,0
"67",0,0,0,0,0,0,0,1
"68",0,0,0,0,1,0,0,0
"69",0,0,0,0,1,0,0,0
"70",0,0,1,0,0,0,0,0
"71",0,0,0,0,0,0,0,1
"72",1,0,0,0,1,0,0,0
"73",0,0,0,0,0,0,0,1
"74",0,0,0,0,0,0,0,2
"75",0,0,0,0,1,0,0,1
"76",0,0,0,0,1,0,0,0
"77",0,0,0,0,0,0,0,1
"78",0,0,0,0,1,0,0,0
"79",0,0,0,0,0,1,0,0
"80",0,0,0,0,1,0,0,0
"81",0,0,0,0,3,0,0,0
"82",0,0,0,0,0,0,0,1
"83",0,1,0,0,0,0,0,0
"84",0,0,0,1,0,0,0,0
"85",0,0,1,0,0,0,0,0
"86",0,0,0,0,0,0,0,1
"87",0,0,0,0,1,0,0,0
"88",0,0,0,0,1,0,0,0
"89",1,0,0,0,0,0,0,0
"90",0,0,0,0,0,0,0,1
"91",1,0,0,0,0,0,0,0
"92",0,0,0,0,1,0,0,0
"93",0,0,0,0,1,0,0,0
"94",0,0,0,0,1,0,0,0
"95",0,0,0,0,2,0,0,0
"96",0,0,0,0,1,0,0,0
"97",0,0,0,0,1,0,0,0
"98",0,0,0,0,0,1,0,0
"99",0,0,0,1,0,0,0,0
"100",0,0,0,0,1,0,0,0
"101",1,0,0,0,1,0,1,1
"102",0,0,0,0,1,0,0,0
"103",0,0,0,0,1,0,0,0
"104",0,0,0,0,1,0,0,0
"105",0,0,0,0,1,0,0,0
"106",0,0,0,0,1,0,0,0
"107",0,0,0,1,0,0,0,0
"108",0,0,0,0,1,0,0,0
"109",0,0,0,0,1,0,0,0
"110",0,0,0,0,0,0,0,1
"111",0,0,0,0,0,1,0,0
"112",0,0,1,0,0,0,0,0
"113",0,0,0,0,1,0,0,0
"114",0,0,0,0,1,0,0,0
"115",0,0,0,0,1,0,0,0
"116",0,0,0,0,0,0,0,1
"117",0,0,0,0,0,0,0,1
"118",0,0,0,0,2,0,0,0
"119",0,0,0,0,1,0,0,0
"120",0,0,0,0,1,0,0,0
"121",0,0,0,0,0,0,1,0
"122",0,0,0,0,1,0,0,0
"123",0,0,0,0,1,0,0,0
"124",0,0,0,0,1,0,0,0
"125",0,0,0,1,0,0,0,0
"126",0,0,0,0,1,0,0,0
"127",0,0,0,0,1,0,0,0
"128",0,0,0,0,0,1,0,0
"129",0,0,0,0,1,0,0,0
"130",0,0,0,0,0,1,0,0
"131",0,0,0,1,0,0,0,0
"132",0,0,0,0,2,0,0,0
"133",0,0,1,0,0,0,0,0
"134",0,0,0,0,1,0,0,0
"135",0,0,0,0,1,0,0,0
"136",0,0,0,0,0,0,1,0
"137",0,0,0,0,1,0,0,0
"138",0,0,0,0,0,0,0,1
"139",0,0,0,0,0,0,0,1
"140",0,0,0,0,1,0,0,0
"141",0,1,0,0,0,0,0,0
"142",0,0,0,0,1,0,0,0
"143",0,0,0,0,0,1,0,0
"144",0,0,0,0,1,0,0,0
"145",0,0,0,0,0,1,0,0
"146",0,0,0,0,1,0,0,0
"147",0,0,0,0,0,1,0,0
"148",0,0,0,0,4,0,0,0
"149",0,1,0,0,0,0,0,0
"150",0,0,0,0,1,0,0,0
"151",0,0,0,0,1,0,0,0
"152",0,0,1,0,0,0,0,0
"153",0,0,0,0,1,0,0,0
"154",0,0,0,0,1,0,0,0
"155",0,0,0,0,1,0,0,0
"156",0,0,0,0,0,0,0,1
"157",0,0,0,0,1,0,0,0
"158",0,0,0,0,1,0,0,0
"159",0,0,0,0,1,0,0,0
"160",0,0,0,0,0,0,1,0
"161",0,1,0,0,0,0,0,0
"162",0,0,1,0,0,0,0,0
"163",0,0,0,0,1,0,0,0
"164",0,0,0,0,1,0,0,0
"165",0,0,0,0,1,0,0,0
"166",0,0,0,0,0,0,0,2
"167",0,0,0,1,0,0,0,0
"168",0,0,0,0,1,0,0,0
"169",0,0,0,0,0,0,0,1
"170",0,1,0,0,0,0,0,0
"171",1,0,0,0,1,0,0,0
"172",0,0,0,0,1,0,0,0
"173",0,1,0,0,0,0,0,0
"174",1,0,0,0,0,0,0,0
"175",0,0,0,0,0,0,0,1
"176",0,0,0,0,0,0,1,0
"177",0,0,0,0,1,0,0,0
"178",0,0,0,0,1,0,0,0
"179",0,0,0,0,1,0,0,0
"180",0,0,0,0,0,0,0,1
"181",0,0,0,0,0,0,0,1
"182",0,1,0,0,0,0,0,0
"183",0,0,0,0,1,0,0,0
"184",0,0,0,0,1,0,0,0
"185",0,0,0,0,1,0,0,0
"186",0,0,0,0,0,1,0,0
"187",0,0,0,0,1,0,0,0
"188",0,0,0,0,1,0,0,0
"189",0,0,0,0,1,0,0,0
"190",0,0,0,0,1,0,0,0
"191",0,0,0,0,1,0,0,0
"192",0,0,0,0,1,0,0,0
"193",0,0,0,0,0,0,0,1
"194",0,0,0,0,1,0,0,0
"195",0,0,0,0,1,0,0,0
"196",0,0,0,1,0,0,0,0
"197",0,0,0,0,3,0,0,0
"198",0,0,0,0,0,0,0,1
"199",0,0,0,1,0,0,0,0
"200",0,0,0,0,1,0,0,0
"201",0,0,0,0,1,0,0,0
"202",0,0,0,0,0,0,0,1
"203",0,0,1,0,0,0,0,0
"204",0,0,0,0,0,0,0,1
"205",0,0,0,0,0,0,0,1
"206",0,0,1,0,0,0,0,0
"207",0,0,0,0,2,0,0,0
"208",0,0,0,0,0,0,0,1
"209",0,0,0,0,1,0,0,0
"210",0,0,0,0,1,0,0,0
"211",0,0,0,0,1,0,0,0
"212",0,1,0,0,0,0,0,0
"213",0,0,0,0,1,0,0,0
"214",0,0,0,0,1,0,0,0
"215",0,0,0,0,1,0,0,0
"216",0,0,0,1,0,0,0,0
"217",0,0,0,0,1,0,0,0
"218",0,0,0,0,1,0,0,0
"219",0,0,0,0,1,0,0,0
"220",0,0,0,0,1,0,0,0
"221",0,0,0,0,0,0,0,1
"222",0,0,0,0,0,0,0,1
"223",0,0,0,0,1,0,0,0
"224",1,0,0,0,1,0,1,0
"225",0,0,0,0,2,0,0,0
"226",0,0,0,0,0,0,0,1
"227",0,0,0,1,0,0,0,0
"228",0,0,0,0,1,0,0,0
"229",0,1,0,0,0,0,0,0
"230",0,0,0,0,1,0,0,0
"231",0,0,0,0,1,0,0,0
"232",0,0,0,0,0,0,0,1
"233",0,1,0,0,0,0,0,0
"234",0,0,0,0,0,0,0,1
"235",0,0,0,0,1,0,0,0
"236",1,0,0,0,0,0,0,0
"237",0,0,0,0,1,0,0,0
"238",0,0,0,0,0,0,0,1
"239",0,0,0,0,1,0,0,0
"240",0,0,0,1,0,0,0,0
"241",0,0,0,0,0,0,0,1
"242",1,0,0,0,0,0,0,0
"243",0,0,0,0,0,0,0,1
"244",0,0,0,0,1,0,0,0
"245",0,0,0,0,0,0,0,1
"246",0,0,0,0,1,0,0,0
"247",0,0,0,0,1,0,0,0
"248",0,0,0,0,0,0,0,1
"249",0,0,0,0,1,0,0,0
"250",0,0,0,0,1,0,0,0
"251",0,0,0,0,1,0,0,0
"252",0,0,0,0,1,0,0,0
"253",0,0,0,0,0,0,0,1
"254",0,0,0,0,1,0,0,0
"255",0,0,0,0,1,0,0,0
"256",0,0,0,0,0,0,0,1
"257",0,0,0,0,0,0,0,1
"258",0,0,0,0,0,0,0,1
"259",0,0,0,0,1,0,0,0
"260",0,0,0,0,0,0,0,1
"261",0,0,0,0,0,0,0,2
"262",0,0,0,0,0,0,0,1
"263",0,0,0,0,0,0,0,1
"264",0,1,0,0,0,0,0,0
"265",0,0,0,0,0,0,1,0
"266",0,0,0,0,0,1,0,0
"267",0,0,0,0,0,0,1,0
"268",0,0,0,0,4,0,0,0
"269",0,0,0,0,1,0,0,0
"270",0,0,0,0,0,0,0,1
"271",0,0,0,0,1,0,0,0
"272",0,1,1,0,0,0,0,0
"273",0,0,0,0,1,0,0,0
"274",0,0,0,0,1,0,0,0
"275",0,0,0,0,1,0,0,0
"276",0,0,0,0,0,0,0,1
"277",0,0,0,0,1,0,0,0
"278",0,0,0,0,0,0,0,1
"279",0,0,0,0,1,0,0,0
"280",0,0,0,0,0,0,0,1
"281",1,0,0,0,2,0,0,0
"282",0,0,0,0,1,0,0,0
"283",0,0,0,0,1,0,0,0
"284",0,0,0,0,0,0,0,1
"285",0,0,0,0,0,0,0,1
"286",0,0,0,0,1,0,0,0
"287",0,0,0,0,0,0,0,1
"288",0,0,0,0,1,0,0,0
"289",0,0,0,0,1,0,0,0
"290",0,0,0,0,0,0,0,1
"291",0,0,0,0,0,0,0,1
"292",0,1,0,0,0,0,0,0
"293",0,0,0,0,1,0,0,0
"294",0,1,0,0,0,0,0,0
"295",0,0,0,0,1,0,0,0
"296",0,0,1,0,0,0,0,0
"297",0,0,0,0,1,0,0,0
"298",1,0,0,0,0,0,0,0
"299",0,0,0,0,0,0,0,1
"300",0,0,0,0,1,0,0,0
"301",0,0,0,0,1,0,0,0
"302",0,0,0,1,0,0,0,0
"303",0,0,0,0,0,1,0,0
"304",0,0,0,0,1,0,0,0
"305",0,0,0,0,3,0,0,0
"306",0,0,0,0,0,0,0,1
"307",0,0,0,0,1,0,0,0
"308",0,0,0,0,0,0,0,1
"309",0,0,0,0,1,0,0,0
"310",0,0,0,0,0,0,0,1
"311",0,0,0,0,0,0,0,1
"312",0,1,0,0,0,0,0,0
"313",0,0,0,0,0,0,0,1
"314",0,0,0,0,1,0,0,0
"315",0,0,0,0,1,0,0,0
"316",1,0,0,0,0,0,0,0
"317",0,0,0,0,1,0,0,0
"318",0,0,0,0,0,0,1,0
"319",0,1,0,0,0,0,0,0
"320",0,0,0,0,1,0,0,0
"321",0,0,0,0,0,0,0,1
"322",0,0,0,0,2,0,0,0
"323",0,0,0,0,1,0,0,0
"324",0,0,0,0,0,0,0,1
"325",0,0,0,0,1,0,0,0
"326",0,0,0,0,1,0,0,0
"327",0,0,0,0,1,0,0,0
"328",0,0,0,0,1,0,0,0
"329",0,0,0,0,1,0,0,0
"330",0,0,0,0,1,0,0,0
"331",0,0,0,0,0,0,0,1
"332",0,0,0,0,0,0,0,1
"333",0,0,0,0,0,0,0,1
"334",0,0,0,0,0,0,0,1
"335",0,0,0,0,1,0,0,0
"336",0,0,0,0,0,0,0,1
"337",0,0,0,0,0,0,0,1
"338",0,0,0,0,0,0,0,1
"339",0,0,0,0,0,0,1,0
"340",0,0,1,0,0,0,0,0
"341",0,0,0,0,1,0,0,0
"342",0,0,0,0,0,0,0,1
"343",0,0,0,0,1,0,0,0
"344",0,0,0,0,1,0,0,0
"345",0,1,0,0,0,0,0,0
"346",0,0,0,0,0,0,0,1
"347",0,1,1,0,0,0,0,0
"348",0,0,0,0,0,1,0,0
"349",0,0,0,0,0,0,0,1
"350",0,0,0,1,0,0,0,0
"351",0,0,0,0,2,0,0,0
"352",0,0,0,0,2,0,0,0
"353",0,0,0,0,1,0,0,0
"354",0,0,0,0,0,0,0,1
"355",0,0,0,0,1,0,0,0
"356",0,0,0,0,1,0,0,0
"357",1,0,0,0,0,0,0,0
"358",0,0,0,0,2,0,0,2
"359",0,0,0,0,0,0,0,1
"360",0,0,0,0,0,0,0,1
"361",0,0,0,1,0,0,0,0
"362",0,0,0,0,1,0,0,0
"363",0,0,0,0,0,0,0,1
"364",0,0,0,0,0,0,0,1
"365",0,0,0,0,0,0,0,1
"366",0,0,0,0,0,0,0,1
"367",0,0,0,0,3,0,0,0
"368",0,0,0,0,0,0,0,1
"369",0,0,0,1,0,0,0,0
"370",0,0,0,0,0,0,0,1
"371",0,0,0,0,0,0,0,1
"372",0,0,0,0,1,0,0,0
"373",0,1,0,0,0,0,0,0
"374",0,1,0,0,0,0,0,0
"375",0,0,0,0,1,0,0,0
"376",0,0,0,0,1,0,0,0
"377",0,1,0,0,0,0,0,0
"378",0,0,0,0,0,0,0,1
"379",1,0,0,0,0,0,0,0
"380",0,0,0,0,0,0,0,1
"381",0,0,0,0,0,0,0,1
"382",0,0,0,0,1,0,0,0
"383",0,0,1,0,0,0,0,0
"384",0,0,0,0,0,0,0,1
"385",0,0,0,0,1,0,0,0
"386",0,0,0,0,0,0,0,1
"387",1,0,0,0,1,0,0,0
"388",0,0,0,0,0,0,0,1
"389",0,0,0,0,0,0,1,0
"390",0,0,0,0,0,0,0,1
"391",0,0,0,0,0,0,0,1
"392",0,0,0,0,1,0,0,0
"393",0,0,0,0,0,0,0,1
"394",0,0,0,0,1,0,0,0
"395",0,0,0,0,0,0,0,1
"396",0,0,0,0,0,0,0,1
"397",0,0,0,0,3,0,0,0
"398",0,0,0,0,0,0,0,1
"399",0,0,0,0,0,0,0,1
"400",0,0,0,0,0,0,0,1
"401",0,0,0,0,0,0,0,1
"402",0,0,0,0,0,0,0,1
"403",0,0,0,0,0,0,0,1
"404",0,0,0,0,1,0,0,0
"405",0,0,0,0,1,0,0,0
"406",0,0,0,0,1,0,0,0
"407",0,0,0,0,1,0,0,0
"408",0,0,0,0,1,0,0,0
"409",0,0,0,0,3,0,0,0
"410",0,0,0,0,0,0,0,1
"411",0,0,0,0,1,0,0,0
"412",0,0,0,0,0,0,0,1
"413",0,0,0,0,2,0,0,0
"414",0,0,0,0,1,0,0,0
"415",0,0,0,0,0,0,0,1
"416",1,0,0,0,0,0,0,0
"417",0,0,0,0,1,0,0,0
"418",0,0,0,0,0,0,0,1
"419",0,0,0,0,1,0,0,0
"420",0,0,0,0,0,1,0,0
"421",0,0,0,0,0,1,0,0
"422",0,0,0,0,1,0,0,0
"423",0,0,0,0,0,0,0,1
"424",0,0,0,0,1,0,0,0
"425",0,0,0,0,4,0,0,0
"426",0,0,0,0,0,0,0,1
"427",0,0,0,0,0,1,0,0
"428",0,0,0,0,1,0,0,0
"429",0,1,0,0,0,0,0,0
"430",0,0,0,1,0,0,0,0
"431",1,0,0,0,1,0,0,0
"432",0,0,0,0,0,0,0,1
"433",0,0,0,0,1,0,0,0
"434",0,0,0,0,1,0,0,1
"435",1,0,0,0,0,0,0,0
"436",0,0,0,0,0,0,0,1
"437",1,0,0,0,1,0,1,0
"438",0,0,0,0,0,0,0,1
"439",0,1,0,0,0,0,0,0
"440",0,0,0,0,0,1,0,0
"441",0,0,0,0,1,0,0,1
"442",1,0,0,0,1,0,0,0
"443",0,1,0,0,0,0,0,0
"444",0,0,0,0,1,0,0,0
"445",0,0,0,0,0,0,0,1
"446",0,1,0,0,0,0,0,0
"447",0,0,0,0,0,0,1,0
"448",0,0,0,0,0,0,1,0
"449",0,1,0,0,0,0,0,0
"450",0,0,0,0,0,0,0,1
"451",0,0,0,1,0,0,0,0
"452",0,0,0,0,1,0,0,0
"453",0,0,0,0,0,0,0,1
"454",0,0,0,0,0,0,0,1
"455",0,0,0,0,1,0,0,0
"456",0,0,0,0,0,0,0,1
"457",0,0,0,0,1,0,0,0
"458",1,0,0,0,0,0,0,0
"459",0,0,0,0,0,0,1,0
"460",0,0,0,0,1,0,0,0
"461",0,0,0,0,0,1,0,0
"462",0,0,0,0,1,0,0,0
"463",0,0,0,0,2,0,0,0
"464",0,0,0,0,1,0,0,0
"465",0,0,0,0,0,0,0,1
"466",0,0,0,0,0,0,0,1
"467",0,0,0,0,1,0,0,0
"468",0,0,0,0,0,1,0,0
"469",0,0,0,0,3,0,0,0
"470",0,0,0,0,0,0,0,1
"471",0,0,0,0,1,0,1,0
"472",0,0,0,0,0,0,0,1
"473",0,0,0,0,4,0,0,0
"474",0,0,0,0,1,0,0,0
"475",0,0,0,0,1,0,0,0
"476",0,0,0,0,0,0,0,1
"477",0,0,0,0,1,0,0,0
"478",0,0,0,0,0,0,0,1
"479",0,0,0,0,0,0,0,1
"480",0,0,0,0,1,0,0,0
"481",0,0,0,0,1,0,0,0
"482",0,0,0,0,1,0,0,0
"483",0,0,0,0,0,0,0,1
"484",0,0,1,0,0,0,0,0
"485",1,0,0,0,0,0,0,0
"486",0,0,0,0,1,0,0,0
"487",0,0,0,0,1,0,0,0
"488",0,0,0,0,0,0,0,1
"489",0,0,0,0,1,0,0,0
"490",0,0,0,0,0,0,0,1
"491",0,1,0,0,0,0,0,0
"492",0,0,0,0,1,0,0,0
"493",0,0,0,0,0,0,0,1
"494",0,0,0,0,1,0,0,0
"495",0,0,0,0,1,0,0,0
"496",0,0,0,0,2,0,0,0
"497",0,0,0,0,1,0,0,0
"498",0,1,0,0,0,0,0,0
"499",0,0,0,1,0,0,0,0
"500",0,0,0,0,1,0,0,0
"501",0,0,0,1,1,0,0,0
"502",0,0,1,0,0,0,0,0
"503",0,0,0,0,0,0,0,1
"504",0,0,0,0,0,0,0,1
"505",0,0,0,0,1,0,0,0
"506",0,0,0,0,1,0,0,0
"507",0,0,0,0,0,0,0,1
"508",0,0,0,0,1,0,0,0
"509",0,0,0,0,1,0,0,0
"510",0,0,0,0,0,0,0,1
"511",0,1,0,0,0,0,0,0
"512",0,0,0,0,0,0,0,1
"513",0,0,1,0,0,0,0,0
"514",0,0,0,0,0,0,0,1
"515",0,0,0,0,1,0,0,0
"516",1,0,0,0,0,0,0,1
"517",0,0,0,0,0,0,0,1
"518",0,0,0,0,0,0,0,1
"519",0,1,0,0,0,0,0,0
"520",0,0,0,0,1,0,0,0
"521",0,1,0,0,0,0,0,0
"522",0,0,0,0,0,0,0,1
"523",0,0,0,0,1,0,0,0
"524",0,0,0,0,0,0,0,1
"525",1,0,0,0,1,0,0,0
"526",0,0,0,0,1,0,0,0
"527",0,0,0,0,0,0,0,1
"528",0,0,0,0,0,0,0,1
"529",0,0,1,0,0,0,0,0
"530",1,0,0,0,1,0,1,1
"531",0,0,0,0,1,0,0,0
"532",0,0,0,1,0,0,0,0
"533",0,0,0,0,0,1,0,0
"534",0,0,0,0,0,0,0,1
"535",0,0,0,0,1,0,0,0
"536",0,0,0,0,0,0,0,1
"537",0,0,0,0,0,0,0,1
"538",0,1,0,0,0,0,0,0
"539",0,0,0,0,0,1,0,0
"540",0,1,0,0,0,0,0,0
"541",0,0,0,0,1,0,0,0
"542",0,0,0,0,1,0,0,0
"543",0,0,0,0,0,0,0,1
"544",0,0,1,0,0,0,0,0
"545",0,0,0,0,1,0,0,0
"546",0,0,0,0,1,0,0,0
"547",0,0,0,0,0,0,0,1
"548",0,1,0,0,0,0,0,0
"549",0,0,0,0,1,0,0,0
"550",1,0,0,0,1,0,0,0
"551",0,0,0,0,1,0,0,0
"552",0,1,0,0,0,0,0,0
"553",0,0,0,0,3,0,0,0
"554",0,0,0,0,1,0,0,0
"555",0,0,0,0,1,0,0,1
"556",0,0,0,0,1,0,0,0
"557",0,0,0,0,1,0,0,0
"558",0,0,0,0,1,0,0,0
"559",0,0,0,0,0,0,0,1
"560",1,0,0,0,0,0,0,0
"561",0,0,0,0,0,0,1,0
"562",0,0,0,0,1,0,0,0
"563",0,0,0,1,0,0,0,0
"564",0,0,0,0,2,0,0,0
"565",0,0,0,0,0,0,0,1
"566",0,0,0,0,0,0,0,1
"567",0,0,0,0,1,0,0,0
"568",0,0,0,0,1,0,0,0
"569",0,0,0,0,1,0,0,0
"570",0,0,0,0,1,0,0,0
"571",0,0,0,0,1,0,0,0
"572",0,0,0,0,1,0,0,0
"573",0,0,0,0,1,0,0,0
"574",0,0,0,0,1,0,0,0
"575",0,0,1,0,0,0,0,0
"576",0,0,0,0,1,0,0,0
"577",0,0,0,1,0,0,0,0
"578",0,0,1,0,0,0,0,0
"579",0,0,0,0,1,0,0,0
"580",0,0,0,0,1,0,0,0
"581",0,0,0,0,1,0,0,0
"582",0,0,0,0,0,0,0,1
"583",0,1,0,0,0,0,0,0
"584",0,0,0,0,1,0,0,0
"585",0,0,0,0,1,0,0,0
"586",0,0,0,0,1,0,0,0
"587",0,0,0,0,1,0,0,0
"588",0,0,0,0,0,1,0,0
"589",0,1,0,0,0,0,0,0
"590",0,0,1,0,0,0,0,0
"591",0,0,0,0,0,1,0,0
"592",0,0,0,0,1,0,0,0
"593",0,0,0,0,0,0,0,1
"594",0,0,0,0,1,0,0,0
"595",0,0,0,0,0,0,1,0
"596",0,1,0,0,0,0,0,0
"597",1,0,0,0,0,0,0,0
"598",0,0,0,0,1,0,0,0
"599",0,0,0,0,0,0,0,1
"600",0,1,0,0,0,0,0,0
"601",0,0,0,0,0,0,0,1
"602",0,0,0,0,1,0,0,0
"603",0,0,0,0,3,0,0,0
"604",0,1,1,0,0,0,0,0
"605",0,0,0,0,1,0,0,0
"606",0,0,0,0,1,0,0,0
"607",0,0,0,0,0,0,0,1
"608",0,0,0,0,0,0,0,1
"609",0,0,0,0,2,0,0,0
"610",0,0,0,0,1,0,0,0
"611",0,0,0,0,1,0,0,0
"612",0,0,0,0,1,0,0,0
"613",0,0,0,0,0,0,0,1
"614",1,0,0,0,1,0,1,0
"615",0,0,0,0,1,0,0,0
"616",0,0,1,0,0,0,0,0
"617",0,0,0,0,1,0,0,0
"618",0,1,0,0,0,0,0,0
"619",0,0,0,0,1,0,0,0
"620",0,0,1,0,0,0,0,0
"621",0,0,0,0,1,0,0,0
"622",0,0,0,0,1,0,0,0
"623",0,0,0,0,0,0,0,1
"624",0,0,0,0,1,0,0,0
"625",0,0,0,0,0,0,0,1
"626",0,0,0,0,1,0,0,0
"627",0,0,0,0,1,0,0,0
"628",0,0,0,1,0,0,0,0
"629",0,0,0,0,0,0,0,1
"630",0,0,0,0,1,0,0,0
"631",1,0,0,0,0,0,0,0
"632",0,0,0,0,1,0,0,0
"633",0,0,0,0,1,0,0,0
"634",0,0,0,0,1,0,0,0
"635",0,0,0,0,1,0,0,0
"636",0,0,0,0,1,0,0,0
"637",0,0,0,0,1,0,0,0
"638",0,0,0,0,2,0,0,0
"639",1,0,0,0,1,0,1,0
"640",0,0,0,0,0,0,0,1
"641",0,0,0,0,2,0,0,0
"642",0,0,0,0,0,1,0,0
"643",0,0,0,0,1,0,0,0
"644",0,0,0,0,1,0,0,0
"645",0,1,0,0,0,0,0,0
"646",1,0,0,0,0,0,0,0
"647",0,0,0,0,0,0,0,1
"648",0,0,0,0,0,0,0,1
"649",0,0,0,0,1,0,0,0
"650",0,0,0,0,1,0,0,0
"651",0,0,0,0,1,0,0,0
"652",0,0,0,0,0,0,0,1
"653",0,0,0,0,0,0,0,1
"654",0,0,0,0,0,1,0,0
"655",0,0,0,0,1,0,0,0
"656",0,0,0,0,1,0,0,0
"657",0,1,0,0,0,0,0,0
"658",0,0,0,0,0,0,0,1
"659",0,0,0,0,1,0,0,0
"660",0,0,0,0,0,0,0,1
"661",0,0,0,0,1,0,0,0
"662",0,0,0,0,2,0,0,0
"663",0,0,0,0,0,0,0,1
"664",0,0,0,0,1,0,0,0
"665",1,0,0,0,0,0,0,0
"666",0,0,0,0,0,0,0,1
"667",0,0,0,0,1,0,0,0
"668",0,0,0,0,1,0,0,0
"669",1,0,0,0,0,0,0,0
"670",0,1,0,0,0,0,0,0
"671",1,0,0,0,0,0,0,0
"672",0,0,0,0,1,0,0,0
"673",0,1,0,0,0,0,0,0
"674",0,0,0,0,1,0,0,0
"675",0,0,0,1,0,0,0,0
"676",0,0,0,0,0,0,0,1
"677",0,1,0,1,0,1,0,0
"678",0,0,0,0,0,0,0,1
"679",0,1,0,0,0,0,0,0
"680",0,0,0,0,0,0,0,1
"681",0,0,0,0,1,0,0,0
"682",0,0,0,0,0,0,0,1
"683",0,1,1,0,0,0,0,0
"684",0,0,0,0,0,1,0,0
"685",0,0,0,0,1,0,0,0
"686",0,0,0,0,1,0,0,0
"687",0,1,1,0,0,0,0,0
"688",0,0,0,0,0,0,0,1
"689",0,1,0,0,0,0,0,0
"690",0,0,0,0,1,0,0,0
"691",0,0,0,0,0,0,0,1
"692",0,0,0,1,0,0,0,0
"693",0,0,0,1,0,0,0,0
"694",0,0,0,1,0,0,0,0
"695",0,0,0,0,1,0,0,0
"696",0,0,0,0,1,0,0,1
"697",0,0,0,0,1,0,0,0
"698",0,0,0,0,1,0,0,0
"699",0,0,0,0,0,0,0,1
"700",0,0,0,1,0,0,0,0
"701",0,0,0,0,1,0,0,0
"702",0,0,0,0,1,0,0,0
"703",0,1,0,0,0,0,0,0
"704",0,1,0,0,0,0,0,0
"705",0,0,0,0,0,0,0,1
"706",0,0,0,0,1,0,0,0
"707",0,0,0,0,1,0,0,0
"708",0,1,0,0,0,0,0,0
"709",0,0,0,0,0,0,0,1
"710",0,0,0,0,1,0,0,0
"711",0,0,0,0,1,0,0,0
"712",0,0,0,0,1,0,0,0
"713",0,0,0,0,1,0,0,2
"714",0,0,0,0,1,0,0,0
"715",0,0,1,0,0,0,0,0
"716",0,0,0,0,0,0,0,1
"717",0,0,0,0,1,0,0,0
"718",0,0,0,0,0,0,1,0
"719",0,0,0,0,0,0,0,1
"720",0,0,0,0,0,1,0,0
"721",0,0,0,0,1,0,0,0
"722",0,0,0,0,0,0,0,1
"723",0,0,0,0,2,0,0,0
"724",0,0,0,0,0,0,0,1
"725",1,0,0,0,0,0,0,0
"726",0,0,0,0,0,0,0,1
"727",0,0,0,0,0,0,0,1
"728",1,0,0,0,1,0,1,0
"729",0,0,0,0,1,0,0,0
"730",0,0,0,0,1,0,0,0
"731",0,1,0,0,0,0,0,0
"732",0,0,0,0,0,0,0,1
"733",0,0,1,0,0,0,0,0
"734",0,0,0,1,0,0,0,0
"735",0,0,0,0,1,0,0,0
"736",0,0,0,0,1,0,0,1
"737",0,0,0,0,0,0,0,1
"738",0,0,1,0,0,0,0,0
"739",0,0,0,0,0,0,1,0
"740",0,0,0,0,0,0,0,2
"741",0,0,0,0,1,0,0,0
"742",0,0,0,1,0,0,0,0
"743",0,0,0,0,1,0,0,0
"744",0,0,0,0,1,0,0,0
"745",0,0,0,1,0,0,0,0
"746",0,0,0,0,1,0,0,0
"747",0,0,0,0,0,0,0,1
"748",0,0,0,0,0,0,0,1
"749",1,0,0,0,0,0,0,0
"750",0,0,1,0,0,0,0,0
"751",0,0,0,1,0,0,0,0
"752",0,0,0,0,1,0,0,0
"753",1,0,0,0,1,0,0,0
"754",1,0,0,0,0,0,0,0
"755",0,0,0,0,1,0,0,1
"756",0,0,0,0,0,0,0,2
"757",1,0,0,0,0,0,0,0
"758",0,1,0,0,0,0,0,0
"759",0,0,0,0,0,0,0,1
"760",0,0,0,0,1,0,0,0
"761",0,0,0,0,1,0,0,0
"762",0,0,0,0,1,0,0,0
"763",0,0,0,0,1,0,0,0
"764",0,0,0,0,1,0,0,0
"765",1,0,0,0,0,0,0,0
"766",0,0,0,0,0,0,0,1
"767",0,0,0,0,1,0,0,0
"768",0,0,0,0,0,0,0,1
"769",0,0,0,0,0,0,0,1
"770",0,0,0,0,0,0,0,1
"771",0,0,0,0,0,0,1,0
"772",0,0,0,0,0,0,0,1
"773",0,0,0,0,0,1,0,0
"774",0,0,0,0,0,0,0,1
"775",0,0,0,0,1,0,0,0
"776",0,0,0,0,4,0,0,0
"777",0,0,0,0,1,0,0,0
"778",0,0,0,0,1,0,0,0
"779",0,0,0,0,0,0,0,1
"780",0,0,0,0,0,0,0,1
"781",0,0,0,0,1,0,0,0
"782",0,1,0,0,0,0,0,0
"783",0,0,0,0,0,0,0,2
"784",0,1,0,0,0,0,0,0
"785",1,0,0,0,0,0,0,0
"786",0,0,0,0,1,0,0,0
"787",0,0,0,0,0,0,0,1
"788",0,0,0,0,1,0,0,0
"789",1,0,0,0,1,0,1,0
"790",0,1,0,0,0,0,0,0
"791",0,0,0,0,1,0,0,0
"792",0,0,0,1,0,0,0,0
"793",0,0,0,0,0,0,0,1
"794",0,0,0,0,1,0,0,0
"795",0,0,0,0,1,0,0,0
"796",0,0,0,0,0,0,0,1
"797",0,0,0,0,1,0,0,0
"798",0,0,0,1,0,0,0,0
"799",1,0,0,0,1,0,0,0
"800",0,0,0,0,1,0,0,0
"801",0,0,0,0,1,0,0,0
"802",0,0,0,0,1,0,0,0
"803",0,0,0,0,1,0,0,0
"804",0,0,0,0,0,0,0,1
"805",0,0,0,0,1,0,0,0
"806",0,0,0,0,0,1,0,0
"807",0,0,0,0,1,0,0,0
"808",0,0,0,1,0,0,0,0
"809",0,0,0,0,0,0,0,1
"810",0,0,0,0,0,0,0,1
"811",0,0,0,1,0,0,0,0
"812",0,0,0,0,0,0,0,1
"813",0,0,0,0,1,0,0,0
"814",0,0,0,0,0,0,0,1
"815",0,0,0,0,1,0,0,0
"816",0,0,0,0,0,0,0,1
"817",0,0,0,0,1,0,0,0
"818",0,0,0,0,1,0,0,0
"819",0,0,0,0,1,0,0,0
"820",0,0,0,0,1,0,0,0
"821",0,0,0,0,1,0,0,0
"822",0,0,0,0,1,0,0,0
"823",0,1,0,0,0,0,0,0
"824",0,0,0,1,0,0,0,0
"825",0,0,0,1,0,0,0,0
"826",0,0,0,0,1,0,0,0
"827",0,0,0,0,1,0,0,0
"828",0,0,0,0,1,0,0,0
"829",0,0,0,0,0,0,0,1
"830",0,0,0,0,0,0,0,1
"831",0,0,0,1,0,0,0,0
"832",0,0,0,0,1,0,0,0
"833",1,0,0,0,0,0,0,0
